  0
SECTION
  2
HEADER
  9
$ACADVER
  1
AC1027
  9
$ACADMAINTVER
 70
105
  9
$DWGCODEPAGE
  3
ANSI_1252
  9
$LASTSAVEDBY
  1
ezdxf
  9
$REQUIREDVERSIONS
160
0
  9
$INSBASE
 10
0.0
 20
0.0
 30
0.0
  9
$EXTMIN
 10
1e+20
 20
1e+20
 30
1e+20
  9
$EXTMAX
 10
-1e+20
 20
-1e+20
 30
-1e+20
  9
$LIMMIN
 10
0.0
 20
0.0
  9
$LIMMAX
 10
420.0
 20
297.0
  9
$ORTHOMODE
 70
0
  9
$REGENMODE
 70
1
  9
$FILLMODE
 70
1
  9
$QTEXTMODE
 70
0
  9
$MIRRTEXT
 70
1
  9
$LTSCALE
 40
1.0
  9
$ATTMODE
 70
1
  9
$TEXTSIZE
 40
2.5
  9
$TRACEWID
 40
1.0
  9
$TEXTSTYLE
  7
Standard
  9
$CLAYER
  8
0
  9
$CELTYPE
  6
ByLayer
  9
$CECOLOR
 62
256
  9
$CELTSCALE
 40
1.0
  9
$DISPSILH
 70
0
  9
$DIMSCALE
 40
1.0
  9
$DIMASZ
 40
2.5
  9
$DIMEXO
 40
0.625
  9
$DIMDLI
 40
3.75
  9
$DIMRND
 40
0.0
  9
$DIMDLE
 40
0.0
  9
$DIMEXE
 40
1.25
  9
$DIMTP
 40
0.0
  9
$DIMTM
 40
0.0
  9
$DIMTXT
 40
2.5
  9
$DIMCEN
 40
2.5
  9
$DIMTSZ
 40
0.0
  9
$DIMTOL
 70
0
  9
$DIMLIM
 70
0
  9
$DIMTIH
 70
0
  9
$DIMTOH
 70
0
  9
$DIMSE1
 70
0
  9
$DIMSE2
 70
0
  9
$DIMTAD
 70
1
  9
$DIMZIN
 70
8
  9
$DIMBLK
  1

  9
$DIMASO
 70
1
  9
$DIMSHO
 70
1
  9
$DIMPOST
  1

  9
$DIMAPOST
  1

  9
$DIMALT
 70
0
  9
$DIMALTD
 70
3
  9
$DIMALTF
 40
0.03937007874
  9
$DIMLFAC
 40
1.0
  9
$DIMTOFL
 70
1
  9
$DIMTVP
 40
0.0
  9
$DIMTIX
 70
0
  9
$DIMSOXD
 70
0
  9
$DIMSAH
 70
0
  9
$DIMBLK1
  1

  9
$DIMBLK2
  1

  9
$DIMSTYLE
  2
ISO-25
  9
$DIMCLRD
 70
0
  9
$DIMCLRE
 70
0
  9
$DIMCLRT
 70
0
  9
$DIMTFAC
 40
1.0
  9
$DIMGAP
 40
0.625
  9
$DIMJUST
 70
0
  9
$DIMSD1
 70
0
  9
$DIMSD2
 70
0
  9
$DIMTOLJ
 70
0
  9
$DIMTZIN
 70
8
  9
$DIMALTZ
 70
0
  9
$DIMALTTZ
 70
0
  9
$DIMUPT
 70
0
  9
$DIMDEC
 70
2
  9
$DIMTDEC
 70
2
  9
$DIMALTU
 70
2
  9
$DIMALTTD
 70
3
  9
$DIMTXSTY
  7
Standard
  9
$DIMAUNIT
 70
0
  9
$DIMADEC
 70
0
  9
$DIMALTRND
 40
0.0
  9
$DIMAZIN
 70
0
  9
$DIMDSEP
 70
44
  9
$DIMATFIT
 70
3
  9
$DIMFRAC
 70
0
  9
$DIMLDRBLK
  1

  9
$DIMLUNIT
 70
2
  9
$DIMLWD
 70
-2
  9
$DIMLWE
 70
-2
  9
$DIMTMOVE
 70
0
  9
$DIMFXL
 40
1.0
  9
$DIMFXLON
 70
0
  9
$DIMJOGANG
 40
0.785398163397
  9
$DIMTFILL
 70
0
  9
$DIMTFILLCLR
 70
0
  9
$DIMARCSYM
 70
0
  9
$DIMLTYPE
  6

  9
$DIMLTEX1
  6

  9
$DIMLTEX2
  6

  9
$DIMTXTDIRECTION
 70
0
  9
$LUNITS
 70
2
  9
$LUPREC
 70
4
  9
$SKETCHINC
 40
1.0
  9
$FILLETRAD
 40
10.0
  9
$AUNITS
 70
0
  9
$AUPREC
 70
2
  9
$MENU
  1
.
  9
$ELEVATION
 40
0.0
  9
$PELEVATION
 40
0.0
  9
$THICKNESS
 40
0.0
  9
$LIMCHECK
 70
0
  9
$CHAMFERA
 40
0.0
  9
$CHAMFERB
 40
0.0
  9
$CHAMFERC
 40
0.0
  9
$CHAMFERD
 40
0.0
  9
$SKPOLY
 70
0
  9
$TDCREATE
 40
2461312.957835648
  9
$TDUCREATE
 40
2458532.153996898
  9
$TDUPDATE
 40
2461312.957858796
  9
$TDUUPDATE
 40
2458532.1544311
  9
$TDINDWG
 40
0.0
  9
$TDUSRTIMER
 40
0.0
  9
$USRTIMER
 70
1
  9
$ANGBASE
 50
0.0
  9
$ANGDIR
 70
0
  9
$PDMODE
 70
0
  9
$PDSIZE
 40
0.0
  9
$PLINEWID
 40
0.0
  9
$SPLFRAME
 70
0
  9
$SPLINETYPE
 70
6
  9
$SPLINESEGS
 70
8
  9
$HANDSEED
  5
40E
  9
$SURFTAB1
 70
6
  9
$SURFTAB2
 70
6
  9
$SURFTYPE
 70
6
  9
$SURFU
 70
6
  9
$SURFV
 70
6
  9
$UCSBASE
  2

  9
$UCSNAME
  2

  9
$UCSORG
 10
0.0
 20
0.0
 30
0.0
  9
$UCSXDIR
 10
1.0
 20
0.0
 30
0.0
  9
$UCSYDIR
 10
0.0
 20
1.0
 30
0.0
  9
$UCSORTHOREF
  2

  9
$UCSORTHOVIEW
 70
0
  9
$UCSORGTOP
 10
0.0
 20
0.0
 30
0.0
  9
$UCSORGBOTTOM
 10
0.0
 20
0.0
 30
0.0
  9
$UCSORGLEFT
 10
0.0
 20
0.0
 30
0.0
  9
$UCSORGRIGHT
 10
0.0
 20
0.0
 30
0.0
  9
$UCSORGFRONT
 10
0.0
 20
0.0
 30
0.0
  9
$UCSORGBACK
 10
0.0
 20
0.0
 30
0.0
  9
$PUCSBASE
  2

  9
$PUCSNAME
  2

  9
$PUCSORG
 10
0.0
 20
0.0
 30
0.0
  9
$PUCSXDIR
 10
1.0
 20
0.0
 30
0.0
  9
$PUCSYDIR
 10
0.0
 20
1.0
 30
0.0
  9
$PUCSORTHOREF
  2

  9
$PUCSORTHOVIEW
 70
0
  9
$PUCSORGTOP
 10
0.0
 20
0.0
 30
0.0
  9
$PUCSORGBOTTOM
 10
0.0
 20
0.0
 30
0.0
  9
$PUCSORGLEFT
 10
0.0
 20
0.0
 30
0.0
  9
$PUCSORGRIGHT
 10
0.0
 20
0.0
 30
0.0
  9
$PUCSORGFRONT
 10
0.0
 20
0.0
 30
0.0
  9
$PUCSORGBACK
 10
0.0
 20
0.0
 30
0.0
  9
$USERI1
 70
0
  9
$USERI2
 70
0
  9
$USERI3
 70
0
  9
$USERI4
 70
0
  9
$USERI5
 70
0
  9
$USERR1
 40
0.0
  9
$USERR2
 40
0.0
  9
$USERR3
 40
0.0
  9
$USERR4
 40
0.0
  9
$USERR5
 40
0.0
  9
$WORLDVIEW
 70
1
  9
$SHADEDGE
 70
3
  9
$SHADEDIF
 70
70
  9
$TILEMODE
 70
1
  9
$MAXACTVP
 70
64
  9
$PINSBASE
 10
0.0
 20
0.0
 30
0.0
  9
$PLIMCHECK
 70
0
  9
$PEXTMIN
 10
1e+20
 20
1e+20
 30
1e+20
  9
$PEXTMAX
 10
-1e+20
 20
-1e+20
 30
-1e+20
  9
$PLIMMIN
 10
0.0
 20
0.0
  9
$PLIMMAX
 10
420.0
 20
297.0
  9
$UNITMODE
 70
0
  9
$VISRETAIN
 70
1
  9
$PLINEGEN
 70
0
  9
$PSLTSCALE
 70
1
  9
$TREEDEPTH
 70
3020
  9
$CMLSTYLE
  2
Standard
  9
$CMLJUST
 70
0
  9
$CMLSCALE
 40
20.0
  9
$PROXYGRAPHICS
 70
1
  9
$MEASUREMENT
 70
1
  9
$CELWEIGHT
370
-1
  9
$ENDCAPS
280
0
  9
$JOINSTYLE
280
0
  9
$LWDISPLAY
290
0
  9
$INSUNITS
 70
0
  9
$HYPERLINKBASE
  1

  9
$STYLESHEET
  1

  9
$XEDIT
290
1
  9
$CEPSNTYPE
380
0
  9
$PSTYLEMODE
290
1
  9
$FINGERPRINTGUID
  2
{A969FD6B-6E03-42DF-A2FF-AB36B0AF7E9D}
  9
$VERSIONGUID
  2
{30A250C2-043E-4838-81AB-9FC7F97FC9C2}
  9
$EXTNAMES
290
1
  9
$PSVPSCALE
 40
0.0
  9
$OLESTARTUP
290
0
  9
$SORTENTS
280
127
  9
$INDEXCTL
280
0
  9
$HIDETEXT
280
1
  9
$XCLIPFRAME
280
1
  9
$HALOGAP
280
0
  9
$OBSCOLOR
 70
257
  9
$OBSLTYPE
280
0
  9
$INTERSECTIONDISPLAY
280
0
  9
$INTERSECTIONCOLOR
 70
257
  9
$DIMASSOC
280
2
  9
$PROJECTNAME
  1

  9
$CAMERADISPLAY
290
0
  9
$LENSLENGTH
 40
50.0
  9
$CAMERAHEIGHT
 40
0.0
  9
$STEPSPERSEC
 40
24.0
  9
$STEPSIZE
 40
100.0
  9
$3DDWFPREC
 40
2.0
  9
$PSOLWIDTH
 40
0.005
  9
$PSOLHEIGHT
 40
0.08
  9
$LOFTANG1
 40
1.570796326795
  9
$LOFTANG2
 40
1.570796326795
  9
$LOFTMAG1
 40
0.0
  9
$LOFTMAG2
 40
0.0
  9
$LOFTPARAM
 70
7
  9
$LOFTNORMALS
280
1
  9
$LATITUDE
 40
37.795
  9
$LONGITUDE
 40
-122.394
  9
$NORTHDIRECTION
 40
0.0
  9
$TIMEZONE
 70
-8000
  9
$LIGHTGLYPHDISPLAY
280
1
  9
$TILEMODELIGHTSYNCH
280
1
  9
$CMATERIAL
347
20
  9
$SOLIDHIST
280
0
  9
$SHOWHIST
280
1
  9
$DWFFRAME
280
2
  9
$DGNFRAME
280
2
  9
$REALWORLDSCALE
290
1
  9
$INTERFERECOLOR
 62
256
  9
$CSHADOW
280
0
  9
$SHADOWPLANELOCATION
 40
0.0
  0
ENDSEC
  0
SECTION
  2
CLASSES
  0
CLASS
  1
ACDBDICTIONARYWDFLT
  2
AcDbDictionaryWithDefault
  3
ObjectDBX Classes
 90
0
 91
0
280
0
281
0
  0
CLASS
  1
SUN
  2
AcDbSun
  3
SCENEOE
 90
1153
 91
0
280
0
281
0
  0
CLASS
  1
VISUALSTYLE
  2
AcDbVisualStyle
  3
ObjectDBX Classes
 90
4095
 91
0
280
0
281
0
  0
CLASS
  1
MATERIAL
  2
AcDbMaterial
  3
ObjectDBX Classes
 90
1153
 91
0
280
0
281
0
  0
CLASS
  1
SCALE
  2
AcDbScale
  3
ObjectDBX Classes
 90
1153
 91
0
280
0
281
0
  0
CLASS
  1
TABLESTYLE
  2
AcDbTableStyle
  3
ObjectDBX Classes
 90
4095
 91
0
280
0
281
0
  0
CLASS
  1
MLEADERSTYLE
  2
AcDbMLeaderStyle
  3
ACDB_MLEADERSTYLE_CLASS
 90
4095
 91
0
280
0
281
0
  0
CLASS
  1
DICTIONARYVAR
  2
AcDbDictionaryVar
  3
ObjectDBX Classes
 90
0
 91
0
280
0
281
0
  0
CLASS
  1
CELLSTYLEMAP
  2
AcDbCellStyleMap
  3
ObjectDBX Classes
 90
1152
 91
0
280
0
281
0
  0
CLASS
  1
MENTALRAYRENDERSETTINGS
  2
AcDbMentalRayRenderSettings
  3
SCENEOE
 90
1024
 91
0
280
0
281
0
  0
CLASS
  1
ACDBDETAILVIEWSTYLE
  2
AcDbDetailViewStyle
  3
ObjectDBX Classes
 90
1025
 91
0
280
0
281
0
  0
CLASS
  1
ACDBSECTIONVIEWSTYLE
  2
AcDbSectionViewStyle
  3
ObjectDBX Classes
 90
1025
 91
0
280
0
281
0
  0
CLASS
  1
RASTERVARIABLES
  2
AcDbRasterVariables
  3
ISM
 90
0
 91
0
280
0
281
0
  0
CLASS
  1
LAYOUT
  2
AcDbLayout
  3
ObjectDBX Classes
 90
0
 91
0
280
0
281
0
  0
CLASS
  1
ACDBPLACEHOLDER
  2
AcDbPlaceHolder
  3
ObjectDBX Classes
 90
0
 91
0
280
0
281
0
  0
ENDSEC
  0
SECTION
  2
TABLES
  0
TABLE
  2
VPORT
  5
8
330
0
100
AcDbSymbolTable
 70
1
  0
VPORT
  5
23
330
8
100
AcDbSymbolTableRecord
100
AcDbViewportTableRecord
  2
*Active
 70
0
 10
0.0
 20
0.0
 11
1.0
 21
1.0
 12
0.0
 22
0.0
 13
0.0
 23
0.0
 14
0.5
 24
0.5
 15
0.5
 25
0.5
 16
0.0
 26
0.0
 36
1.0
 17
0.0
 27
0.0
 37
0.0
 40
1000.0
 41
1.34
 42
50.0
 43
0.0
 44
0.0
 50
0.0
 51
0.0
 71
0
 72
1000
 73
1
 74
3
 75
0
 76
0
 77
0
 78
0
281
0
 65
0
146
0.0
  0
ENDTAB
  0
TABLE
  2
LTYPE
  5
2
330
0
100
AcDbSymbolTable
 70
3
  0
LTYPE
  5
24
330
2
100
AcDbSymbolTableRecord
100
AcDbLinetypeTableRecord
  2
ByBlock
 70
0
  3

 72
65
 73
0
 40
0.0
  0
LTYPE
  5
25
330
2
100
AcDbSymbolTableRecord
100
AcDbLinetypeTableRecord
  2
ByLayer
 70
0
  3

 72
65
 73
0
 40
0.0
  0
LTYPE
  5
26
330
2
100
AcDbSymbolTableRecord
100
AcDbLinetypeTableRecord
  2
Continuous
 70
0
  3

 72
65
 73
0
 40
0.0
  0
ENDTAB
  0
TABLE
  2
LAYER
  5
1
330
0
100
AcDbSymbolTable
 70
6
  0
LAYER
  5
27
330
1
100
AcDbSymbolTableRecord
100
AcDbLayerTableRecord
  2
0
 70
0
 62
7
  6
Continuous
370
-3
390
13
347
21
  0
LAYER
  5
28
330
1
100
AcDbSymbolTableRecord
100
AcDbLayerTableRecord
  2
Defpoints
 70
0
 62
7
  6
Continuous
290
0
370
-3
390
13
347
21
  0
LAYER
  5
2F
330
1
100
AcDbSymbolTableRecord
100
AcDbLayerTableRecord
  2
_02__LOTES
 70
0
 62
7
  6
Continuous
370
-3
390
13
347
21
  0
LAYER
  5
30
330
1
100
AcDbSymbolTableRecord
100
AcDbLayerTableRecord
  2
EF-ID-LOTES
 70
0
 62
1
  6
Continuous
370
-3
390
13
347
21
  0
LAYER
  5
31
330
1
100
AcDbSymbolTableRecord
100
AcDbLayerTableRecord
  2
TXT_QDA
 70
0
 62
5
  6
Continuous
370
-3
390
13
347
21
  0
LAYER
  5
3FA
330
1
100
AcDbSymbolTableRecord
100
AcDbLayerTableRecord
  2
_LTQUADRAS
 70
0
 62
3
  6
Continuous
370
-3
390
13
347
21
  0
ENDTAB
  0
TABLE
  2
STYLE
  5
5
330
0
100
AcDbSymbolTable
 70
1
  0
STYLE
  5
29
330
5
100
AcDbSymbolTableRecord
100
AcDbTextStyleTableRecord
  2
Standard
 70
0
 40
0.0
 41
1.0
 50
0.0
 71
0
 42
2.5
  3
txt
  4

  0
ENDTAB
  0
TABLE
  2
VIEW
  5
7
330
0
100
AcDbSymbolTable
 70
0
  0
ENDTAB
  0
TABLE
  2
UCS
  5
6
330
0
100
AcDbSymbolTable
 70
0
  0
ENDTAB
  0
TABLE
  2
APPID
  5
3
330
0
100
AcDbSymbolTable
 70
3
  0
APPID
  5
2A
330
3
100
AcDbSymbolTableRecord
100
AcDbRegAppTableRecord
  2
ACAD
 70
0
  0
APPID
  5
3F7
330
3
100
AcDbSymbolTableRecord
100
AcDbRegAppTableRecord
  2
HATCHBACKGROUNDCOLOR
 70
0
  0
APPID
  5
3F8
330
3
100
AcDbSymbolTableRecord
100
AcDbRegAppTableRecord
  2
EZDXF
 70
0
  0
ENDTAB
  0
TABLE
  2
DIMSTYLE
  5
4
330
0
100
AcDbSymbolTable
 70
1
100
AcDbDimStyleTable
  0
DIMSTYLE
105
2B
330
4
100
AcDbSymbolTableRecord
100
AcDbDimStyleTableRecord
  2
Standard
 70
0
 40
1.0
 41
2.5
 42
0.625
 43
3.75
 44
1.25
 45
0.0
 46
0.0
 47
0.0
 48
0.0
 49
2.5
140
2.5
141
2.5
142
0.0
143
0.03937007874
144
1.0
145
0.0
146
1.0
147
0.625
148
0.0
 69
0
 70
0
 71
0
 72
0
 73
0
 74
0
 75
0
 76
0
 77
1
 78
8
 79
3
170
0
171
3
172
1
173
0
174
0
175
0
176
0
177
0
178
0
179
2
271
2
272
2
273
2
274
3
275
0
276
0
277
2
278
44
279
0
280
0
281
0
282
0
283
0
284
8
285
0
286
0
288
0
289
3
290
0
371
-2
372
-2
  0
ENDTAB
  0
TABLE
  2
BLOCK_RECORD
  5
9
330
0
100
AcDbSymbolTable
 70
2
  0
BLOCK_RECORD
  5
17
330
9
100
AcDbSymbolTableRecord
100
AcDbBlockTableRecord
  2
*Model_Space
340
1A
 70
0
280
1
281
0
  0
BLOCK_RECORD
  5
1B
330
9
100
AcDbSymbolTableRecord
100
AcDbBlockTableRecord
  2
*Paper_Space
340
1E
 70
0
280
1
281
0
  0
ENDTAB
  0
ENDSEC
  0
SECTION
  2
BLOCKS
  0
BLOCK
  5
18
330
17
100
AcDbEntity
  8
0
100
AcDbBlockBegin
  2
*Model_Space
 70
0
 10
0.0
 20
0.0
 30
0.0
  3
*Model_Space
  1

  0
ENDBLK
  5
19
330
17
100
AcDbEntity
  8
0
100
AcDbBlockEnd
  0
BLOCK
  5
1C
330
1B
100
AcDbEntity
  8
0
100
AcDbBlockBegin
  2
*Paper_Space
 70
0
 10
0.0
 20
0.0
 30
0.0
  3
*Paper_Space
  1

  0
ENDBLK
  5
1D
330
1B
100
AcDbEntity
  8
0
100
AcDbBlockEnd
  0
ENDSEC
  0
SECTION
  2
ENTITIES
  0
LWPOLYLINE
  5
32
330
17
100
AcDbEntity
  8
_02__LOTES
100
AcDbPolyline
 90
4
 70
1
 10
245455.4726264842
 20
9361600.761822624
 10
245445.9726264842
 20
9361600.761822624
 10
245445.9726264842
 20
9361616.761822624
 10
245455.4726264842
 20
9361616.761822624
  0
LWPOLYLINE
  5
33
330
17
100
AcDbEntity
  8
_02__LOTES
100
AcDbPolyline
 90
4
 70
1
 10
245436.4726264842
 20
9361600.761822624
 10
245445.9726264842
 20
9361600.761822624
 10
245445.9726264842
 20
9361616.761822624
 10
245436.4726264842
 20
9361616.761822624
  0
LWPOLYLINE
  5
34
330
17
100
AcDbEntity
  8
_02__LOTES
100
AcDbPolyline
 90
4
 70
1
 10
245472.2161016028
 20
9361689.819134796
 10
245462.7161016028
 20
9361689.819134796
 10
245462.7161016028
 20
9361672.819134796
 10
245472.2161016028
 20
9361672.819134796
  0
LWPOLYLINE
  5
35
330
17
100
AcDbEntity
  8
_02__LOTES
100
AcDbPolyline
 90
4
 70
1
 10
245854.9726264842
 20
9361630.319134796
 10
245854.9726264842
 20
9361639.819134796
 10
245838.9726264842
 20
9361639.819134796
 10
245838.9726264842
 20
9361630.319134796
  0
LWPOLYLINE
  5
36
330
17
100
AcDbEntity
  8
_02__LOTES
100
AcDbPolyline
 90
4
 70
1
 10
245854.9726264842
 20
9361649.819134796
 10
245854.9726264842
 20
9361639.819134796
 10
245838.9726264842
 20
9361639.819134796
 10
245838.9726264842
 20
9361649.819134796
  0
LWPOLYLINE
  5
37
330
17
100
AcDbEntity
  8
_02__LOTES
100
AcDbPolyline
 90
4
 70
1
 10
245854.9726264842
 20
9361630.319134796
 10
245854.9726264842
 20
9361639.819134796
 10
245870.9726264842
 20
9361639.819134796
 10
245870.9726264842
 20
9361630.319134796
  0
LWPOLYLINE
  5
38
330
17
100
AcDbEntity
  8
_02__LOTES
100
AcDbPolyline
 90
4
 70
1
 10
245854.9726264842
 20
9361649.819134796
 10
245854.9726264842
 20
9361639.819134796
 10
245870.9726264842
 20
9361639.819134796
 10
245870.9726264842
 20
9361649.819134796
  0
LWPOLYLINE
  5
39
330
17
100
AcDbEntity
  8
_02__LOTES
100
AcDbPolyline
 90
4
 70
1
 10
245854.9726264842
 20
9361630.319134796
 10
245854.9726264842
 20
9361620.819134796
 10
245838.9726264842
 20
9361620.819134796
 10
245838.9726264842
 20
9361630.319134796
  0
LWPOLYLINE
  5
3A
330
17
100
AcDbEntity
  8
_02__LOTES
100
AcDbPolyline
 90
4
 70
1
 10
245854.9726264842
 20
9361630.319134796
 10
245854.9726264842
 20
9361620.819134796
 10
245870.9726264842
 20
9361620.819134796
 10
245870.9726264842
 20
9361630.319134796
  0
LWPOLYLINE
  5
3B
330
17
100
AcDbEntity
  8
_02__LOTES
100
AcDbPolyline
 90
4
 70
1
 10
245854.9726264842
 20
9361611.319134796
 10
245854.9726264842
 20
9361601.819134796
 10
245838.9726264842
 20
9361601.819134796
 10
245838.9726264842
 20
9361611.319134796
  0
LWPOLYLINE
  5
3C
330
17
100
AcDbEntity
  8
_02__LOTES
100
AcDbPolyline
 90
4
 70
1
 10
245854.9726264842
 20
9361611.319134796
 10
245854.9726264842
 20
9361601.819134796
 10
245870.9726264842
 20
9361601.819134796
 10
245870.9726264842
 20
9361611.319134796
  0
LWPOLYLINE
  5
3D
330
17
100
AcDbEntity
  8
_02__LOTES
100
AcDbPolyline
 90
4
 70
1
 10
245854.9726264842
 20
9361611.319134796
 10
245854.9726264842
 20
9361620.819134796
 10
245838.9726264842
 20
9361620.819134796
 10
245838.9726264842
 20
9361611.319134796
  0
LWPOLYLINE
  5
3E
330
17
100
AcDbEntity
  8
_02__LOTES
100
AcDbPolyline
 90
4
 70
1
 10
245854.9726264842
 20
9361611.319134796
 10
245854.9726264842
 20
9361620.819134796
 10
245870.9726264842
 20
9361620.819134796
 10
245870.9726264842
 20
9361611.319134796
  0
LWPOLYLINE
  5
3F
330
17
100
AcDbEntity
  8
_02__LOTES
100
AcDbPolyline
 90
4
 70
1
 10
245854.9726264842
 20
9361592.319134796
 10
245854.9726264842
 20
9361601.819134796
 10
245838.9726264842
 20
9361601.819134796
 10
245838.9726264842
 20
9361592.319134796
  0
LWPOLYLINE
  5
40
330
17
100
AcDbEntity
  8
_02__LOTES
100
AcDbPolyline
 90
4
 70
1
 10
245854.9726264842
 20
9361592.319134796
 10
245854.9726264842
 20
9361601.819134796
 10
245870.9726264842
 20
9361601.819134796
 10
245870.9726264842
 20
9361592.319134796
  0
LWPOLYLINE
  5
41
330
17
100
AcDbEntity
  8
_02__LOTES
100
AcDbPolyline
 90
4
 70
1
 10
245854.9726264842
 20
9361592.319134796
 10
245854.9726264842
 20
9361582.819134796
 10
245838.9726264842
 20
9361582.819134796
 10
245838.9726264842
 20
9361592.319134796
  0
LWPOLYLINE
  5
42
330
17
100
AcDbEntity
  8
_02__LOTES
100
AcDbPolyline
 90
4
 70
1
 10
245854.9726264842
 20
9361592.319134796
 10
245854.9726264842
 20
9361582.819134796
 10
245870.9726264842
 20
9361582.819134796
 10
245870.9726264842
 20
9361592.319134796
  0
LWPOLYLINE
  5
43
330
17
100
AcDbEntity
  8
_02__LOTES
100
AcDbPolyline
 90
4
 70
1
 10
245854.9726264842
 20
9361554.319134796
 10
245854.9726264842
 20
9361563.819134796
 10
245838.9726264842
 20
9361563.819134796
 10
245838.9726264842
 20
9361554.319134796
  0
LWPOLYLINE
  5
44
330
17
100
AcDbEntity
  8
_02__LOTES
100
AcDbPolyline
 90
4
 70
1
 10
245854.9726264842
 20
9361554.319134796
 10
245854.9726264842
 20
9361563.819134796
 10
245870.9726264842
 20
9361563.819134796
 10
245870.9726264842
 20
9361554.319134796
  0
LWPOLYLINE
  5
45
330
17
100
AcDbEntity
  8
_02__LOTES
100
AcDbPolyline
 90
4
 70
1
 10
245854.9726264842
 20
9361554.319134796
 10
245854.9726264842
 20
9361544.819134796
 10
245838.9726264842
 20
9361544.819134796
 10
245838.9726264842
 20
9361554.319134796
  0
LWPOLYLINE
  5
46
330
17
100
AcDbEntity
  8
_02__LOTES
100
AcDbPolyline
 90
4
 70
1
 10
245854.9726264842
 20
9361573.319134796
 10
245854.9726264842
 20
9361563.819134796
 10
245838.9726264842
 20
9361563.819134796
 10
245838.9726264842
 20
9361573.319134796
  0
LWPOLYLINE
  5
47
330
17
100
AcDbEntity
  8
_02__LOTES
100
AcDbPolyline
 90
4
 70
1
 10
245854.9726264842
 20
9361573.319134796
 10
245854.9726264842
 20
9361563.819134796
 10
245870.9726264842
 20
9361563.819134796
 10
245870.9726264842
 20
9361573.319134796
  0
LWPOLYLINE
  5
48
330
17
100
AcDbEntity
  8
_02__LOTES
100
AcDbPolyline
 90
4
 70
1
 10
245854.9726264842
 20
9361573.319134796
 10
245854.9726264842
 20
9361582.819134796
 10
245838.9726264842
 20
9361582.819134796
 10
245838.9726264842
 20
9361573.319134796
  0
LWPOLYLINE
  5
49
330
17
100
AcDbEntity
  8
_02__LOTES
100
AcDbPolyline
 90
4
 70
1
 10
245854.9726264842
 20
9361573.319134796
 10
245854.9726264842
 20
9361582.819134796
 10
245870.9726264842
 20
9361582.819134796
 10
245870.9726264842
 20
9361573.319134796
  0
LWPOLYLINE
  5
4A
330
17
100
AcDbEntity
  8
_02__LOTES
100
AcDbPolyline
 90
4
 70
1
 10
245854.9726264842
 20
9361544.819134796
 10
245838.9726264842
 20
9361544.819134796
 10
245838.9726264842
 20
9361529.348153695
 10
245854.9726264842
 20
9361537.58067965
  0
LWPOLYLINE
  5
4B
330
17
100
AcDbEntity
  8
_02__LOTES
100
AcDbPolyline
 90
4
 70
1
 10
245870.9726264842
 20
9361554.319134796
 10
245854.9726264842
 20
9361554.319134796
 10
245854.9726264842
 20
9361537.58067965
 10
245870.9726264842
 20
9361545.813205602
  0
LWPOLYLINE
  5
4C
330
17
100
AcDbEntity
  8
_02__LOTES
100
AcDbPolyline
 90
4
 70
1
 10
245898.9726264842
 20
9361630.319134796
 10
245898.9726264842
 20
9361639.819134796
 10
245882.9726264842
 20
9361639.819134796
 10
245882.9726264842
 20
9361630.319134796
  0
LWPOLYLINE
  5
4D
330
17
100
AcDbEntity
  8
_02__LOTES
100
AcDbPolyline
 90
4
 70
1
 10
245898.9726264842
 20
9361649.819134796
 10
245898.9726264842
 20
9361639.819134796
 10
245882.9726264842
 20
9361639.819134796
 10
245882.9726264842
 20
9361649.819134796
  0
LWPOLYLINE
  5
4E
330
17
100
AcDbEntity
  8
_02__LOTES
100
AcDbPolyline
 90
4
 70
1
 10
245898.9726264842
 20
9361630.319134796
 10
245898.9726264842
 20
9361620.819134796
 10
245882.9726264842
 20
9361620.819134796
 10
245882.9726264842
 20
9361630.319134796
  0
LWPOLYLINE
  5
4F
330
17
100
AcDbEntity
  8
_02__LOTES
100
AcDbPolyline
 90
4
 70
1
 10
245898.9726264842
 20
9361611.319134796
 10
245898.9726264842
 20
9361601.819134796
 10
245882.9726264842
 20
9361601.819134796
 10
245882.9726264842
 20
9361611.319134796
  0
LWPOLYLINE
  5
50
330
17
100
AcDbEntity
  8
_02__LOTES
100
AcDbPolyline
 90
4
 70
1
 10
245898.9726264842
 20
9361611.319134796
 10
245898.9726264842
 20
9361620.819134796
 10
245882.9726264842
 20
9361620.819134796
 10
245882.9726264842
 20
9361611.319134796
  0
LWPOLYLINE
  5
51
330
17
100
AcDbEntity
  8
_02__LOTES
100
AcDbPolyline
 90
4
 70
1
 10
245898.9726264842
 20
9361592.319134796
 10
245898.9726264842
 20
9361601.819134796
 10
245882.9726264842
 20
9361601.819134796
 10
245882.9726264842
 20
9361592.319134796
  0
LWPOLYLINE
  5
52
330
17
100
AcDbEntity
  8
_02__LOTES
100
AcDbPolyline
 90
4
 70
1
 10
245810.9726264842
 20
9361630.319134796
 10
245810.9726264842
 20
9361639.819134796
 10
245794.9726264842
 20
9361639.819134796
 10
245794.9726264842
 20
9361630.319134796
  0
LWPOLYLINE
  5
53
330
17
100
AcDbEntity
  8
_02__LOTES
100
AcDbPolyline
 90
4
 70
1
 10
245810.9726264842
 20
9361649.819134796
 10
245810.9726264842
 20
9361639.819134796
 10
245794.9726264842
 20
9361639.819134796
 10
245794.9726264842
 20
9361649.819134796
  0
LWPOLYLINE
  5
54
330
17
100
AcDbEntity
  8
_02__LOTES
100
AcDbPolyline
 90
4
 70
1
 10
245810.9726264842
 20
9361630.319134796
 10
245810.9726264842
 20
9361639.819134796
 10
245826.9726264842
 20
9361639.819134796
 10
245826.9726264842
 20
9361630.319134796
  0
LWPOLYLINE
  5
55
330
17
100
AcDbEntity
  8
_02__LOTES
100
AcDbPolyline
 90
4
 70
1
 10
245810.9726264842
 20
9361649.819134796
 10
245810.9726264842
 20
9361639.819134796
 10
245826.9726264842
 20
9361639.819134796
 10
245826.9726264842
 20
9361649.819134796
  0
LWPOLYLINE
  5
56
330
17
100
AcDbEntity
  8
_02__LOTES
100
AcDbPolyline
 90
4
 70
1
 10
245810.9726264842
 20
9361630.319134796
 10
245810.9726264842
 20
9361620.819134796
 10
245794.9726264842
 20
9361620.819134796
 10
245794.9726264842
 20
9361630.319134796
  0
LWPOLYLINE
  5
57
330
17
100
AcDbEntity
  8
_02__LOTES
100
AcDbPolyline
 90
4
 70
1
 10
245810.9726264842
 20
9361630.319134796
 10
245810.9726264842
 20
9361620.819134796
 10
245826.9726264842
 20
9361620.819134796
 10
245826.9726264842
 20
9361630.319134796
  0
LWPOLYLINE
  5
58
330
17
100
AcDbEntity
  8
_02__LOTES
100
AcDbPolyline
 90
4
 70
1
 10
245810.9726264842
 20
9361611.319134796
 10
245810.9726264842
 20
9361601.819134796
 10
245794.9726264842
 20
9361601.819134796
 10
245794.9726264842
 20
9361611.319134796
  0
LWPOLYLINE
  5
59
330
17
100
AcDbEntity
  8
_02__LOTES
100
AcDbPolyline
 90
4
 70
1
 10
245810.9726264842
 20
9361611.319134796
 10
245810.9726264842
 20
9361601.819134796
 10
245826.9726264842
 20
9361601.819134796
 10
245826.9726264842
 20
9361611.319134796
  0
LWPOLYLINE
  5
5A
330
17
100
AcDbEntity
  8
_02__LOTES
100
AcDbPolyline
 90
4
 70
1
 10
245810.9726264842
 20
9361611.319134796
 10
245810.9726264842
 20
9361620.819134796
 10
245794.9726264842
 20
9361620.819134796
 10
245794.9726264842
 20
9361611.319134796
  0
LWPOLYLINE
  5
5B
330
17
100
AcDbEntity
  8
_02__LOTES
100
AcDbPolyline
 90
4
 70
1
 10
245810.9726264842
 20
9361611.319134796
 10
245810.9726264842
 20
9361620.819134796
 10
245826.9726264842
 20
9361620.819134796
 10
245826.9726264842
 20
9361611.319134796
  0
LWPOLYLINE
  5
5C
330
17
100
AcDbEntity
  8
_02__LOTES
100
AcDbPolyline
 90
4
 70
1
 10
245810.9726264842
 20
9361592.319134796
 10
245810.9726264842
 20
9361601.819134796
 10
245794.9726264842
 20
9361601.819134796
 10
245794.9726264842
 20
9361592.319134796
  0
LWPOLYLINE
  5
5D
330
17
100
AcDbEntity
  8
_02__LOTES
100
AcDbPolyline
 90
4
 70
1
 10
245810.9726264842
 20
9361592.319134796
 10
245810.9726264842
 20
9361601.819134796
 10
245826.9726264842
 20
9361601.819134796
 10
245826.9726264842
 20
9361592.319134796
  0
LWPOLYLINE
  5
5E
330
17
100
AcDbEntity
  8
_02__LOTES
100
AcDbPolyline
 90
4
 70
1
 10
245810.9726264842
 20
9361592.319134796
 10
245810.9726264842
 20
9361582.819134796
 10
245794.9726264842
 20
9361582.819134796
 10
245794.9726264842
 20
9361592.319134796
  0
LWPOLYLINE
  5
5F
330
17
100
AcDbEntity
  8
_02__LOTES
100
AcDbPolyline
 90
4
 70
1
 10
245810.9726264842
 20
9361592.319134796
 10
245810.9726264842
 20
9361582.819134796
 10
245826.9726264842
 20
9361582.819134796
 10
245826.9726264842
 20
9361592.319134796
  0
LWPOLYLINE
  5
60
330
17
100
AcDbEntity
  8
_02__LOTES
100
AcDbPolyline
 90
4
 70
1
 10
245810.9726264842
 20
9361554.319134796
 10
245810.9726264842
 20
9361563.819134796
 10
245794.9726264842
 20
9361563.819134796
 10
245794.9726264842
 20
9361554.319134796
  0
LWPOLYLINE
  5
61
330
17
100
AcDbEntity
  8
_02__LOTES
100
AcDbPolyline
 90
4
 70
1
 10
245810.9726264842
 20
9361554.319134796
 10
245810.9726264842
 20
9361563.819134796
 10
245826.9726264842
 20
9361563.819134796
 10
245826.9726264842
 20
9361554.319134796
  0
LWPOLYLINE
  5
62
330
17
100
AcDbEntity
  8
_02__LOTES
100
AcDbPolyline
 90
4
 70
1
 10
245810.9726264842
 20
9361554.319134796
 10
245810.9726264842
 20
9361544.819134796
 10
245794.9726264842
 20
9361544.819134796
 10
245794.9726264842
 20
9361554.319134796
  0
LWPOLYLINE
  5
63
330
17
100
AcDbEntity
  8
_02__LOTES
100
AcDbPolyline
 90
4
 70
1
 10
245810.9726264842
 20
9361554.319134796
 10
245810.9726264842
 20
9361544.819134796
 10
245826.9726264842
 20
9361544.819134796
 10
245826.9726264842
 20
9361554.319134796
  0
LWPOLYLINE
  5
64
330
17
100
AcDbEntity
  8
_02__LOTES
100
AcDbPolyline
 90
4
 70
1
 10
245810.9726264842
 20
9361573.319134796
 10
245810.9726264842
 20
9361563.819134796
 10
245794.9726264842
 20
9361563.819134796
 10
245794.9726264842
 20
9361573.319134796
  0
LWPOLYLINE
  5
65
330
17
100
AcDbEntity
  8
_02__LOTES
100
AcDbPolyline
 90
4
 70
1
 10
245810.9726264842
 20
9361573.319134796
 10
245810.9726264842
 20
9361563.819134796
 10
245826.9726264842
 20
9361563.819134796
 10
245826.9726264842
 20
9361573.319134796
  0
LWPOLYLINE
  5
66
330
17
100
AcDbEntity
  8
_02__LOTES
100
AcDbPolyline
 90
4
 70
1
 10
245810.9726264842
 20
9361573.319134796
 10
245810.9726264842
 20
9361582.819134796
 10
245794.9726264842
 20
9361582.819134796
 10
245794.9726264842
 20
9361573.319134796
  0
LWPOLYLINE
  5
67
330
17
100
AcDbEntity
  8
_02__LOTES
100
AcDbPolyline
 90
4
 70
1
 10
245810.9726264842
 20
9361573.319134796
 10
245810.9726264842
 20
9361582.819134796
 10
245826.9726264842
 20
9361582.819134796
 10
245826.9726264842
 20
9361573.319134796
  0
LWPOLYLINE
  5
68
330
17
100
AcDbEntity
  8
_02__LOTES
100
AcDbPolyline
 90
4
 70
1
 10
245810.9726264842
 20
9361535.319134796
 10
245810.9726264842
 20
9361525.819134796
 10
245794.9726264842
 20
9361525.819134796
 10
245794.9726264842
 20
9361535.319134796
  0
LWPOLYLINE
  5
69
330
17
100
AcDbEntity
  8
_02__LOTES
100
AcDbPolyline
 90
4
 70
1
 10
245810.9726264842
 20
9361535.319134796
 10
245810.9726264842
 20
9361544.819134796
 10
245794.9726264842
 20
9361544.819134796
 10
245794.9726264842
 20
9361535.319134796
  0
LWPOLYLINE
  5
6A
330
17
100
AcDbEntity
  8
_02__LOTES
100
AcDbPolyline
 90
4
 70
1
 10
245810.9726264842
 20
9361535.319134796
 10
245810.9726264842
 20
9361544.819134796
 10
245826.9726264842
 20
9361544.819134796
 10
245826.9726264842
 20
9361535.319134796
  0
LWPOLYLINE
  5
6B
330
17
100
AcDbEntity
  8
_02__LOTES
100
AcDbPolyline
 90
4
 70
1
 10
245766.9726264842
 20
9361641.319134796
 10
245766.9726264842
 20
9361650.819134796
 10
245750.9726264842
 20
9361650.819134796
 10
245750.9726264842
 20
9361641.319134796
  0
LWPOLYLINE
  5
6C
330
17
100
AcDbEntity
  8
_02__LOTES
100
AcDbPolyline
 90
4
 70
1
 10
245766.9726264842
 20
9361660.819134796
 10
245766.9726264842
 20
9361650.819134796
 10
245750.9726264842
 20
9361650.819134796
 10
245750.9726264842
 20
9361660.819134796
  0
LWPOLYLINE
  5
6D
330
17
100
AcDbEntity
  8
_02__LOTES
100
AcDbPolyline
 90
4
 70
1
 10
245766.9726264842
 20
9361641.319134796
 10
245766.9726264842
 20
9361650.819134796
 10
245782.9726264842
 20
9361650.819134796
 10
245782.9726264842
 20
9361641.319134796
  0
LWPOLYLINE
  5
6E
330
17
100
AcDbEntity
  8
_02__LOTES
100
AcDbPolyline
 90
4
 70
1
 10
245766.9726264842
 20
9361660.819134796
 10
245766.9726264842
 20
9361650.819134796
 10
245782.9726264842
 20
9361650.819134796
 10
245782.9726264842
 20
9361660.819134796
  0
LWPOLYLINE
  5
6F
330
17
100
AcDbEntity
  8
_02__LOTES
100
AcDbPolyline
 90
4
 70
1
 10
245766.9726264842
 20
9361641.319134796
 10
245766.9726264842
 20
9361631.819134796
 10
245750.9726264842
 20
9361631.819134796
 10
245750.9726264842
 20
9361641.319134796
  0
LWPOLYLINE
  5
70
330
17
100
AcDbEntity
  8
_02__LOTES
100
AcDbPolyline
 90
4
 70
1
 10
245766.9726264842
 20
9361641.319134796
 10
245766.9726264842
 20
9361631.819134796
 10
245782.9726264842
 20
9361631.819134796
 10
245782.9726264842
 20
9361641.319134796
  0
LWPOLYLINE
  5
71
330
17
100
AcDbEntity
  8
_02__LOTES
100
AcDbPolyline
 90
4
 70
1
 10
245766.9726264842
 20
9361622.319134796
 10
245766.9726264842
 20
9361612.819134796
 10
245750.9726264842
 20
9361612.819134796
 10
245750.9726264842
 20
9361622.319134796
  0
LWPOLYLINE
  5
72
330
17
100
AcDbEntity
  8
_02__LOTES
100
AcDbPolyline
 90
4
 70
1
 10
245766.9726264842
 20
9361622.319134796
 10
245766.9726264842
 20
9361612.819134796
 10
245782.9726264842
 20
9361612.819134796
 10
245782.9726264842
 20
9361622.319134796
  0
LWPOLYLINE
  5
73
330
17
100
AcDbEntity
  8
_02__LOTES
100
AcDbPolyline
 90
4
 70
1
 10
245766.9726264842
 20
9361622.319134796
 10
245766.9726264842
 20
9361631.819134796
 10
245750.9726264842
 20
9361631.819134796
 10
245750.9726264842
 20
9361622.319134796
  0
LWPOLYLINE
  5
74
330
17
100
AcDbEntity
  8
_02__LOTES
100
AcDbPolyline
 90
4
 70
1
 10
245766.9726264842
 20
9361622.319134796
 10
245766.9726264842
 20
9361631.819134796
 10
245782.9726264842
 20
9361631.819134796
 10
245782.9726264842
 20
9361622.319134796
  0
LWPOLYLINE
  5
75
330
17
100
AcDbEntity
  8
_02__LOTES
100
AcDbPolyline
 90
4
 70
1
 10
245766.9726264842
 20
9361603.319134796
 10
245766.9726264842
 20
9361612.819134796
 10
245750.9726264842
 20
9361612.819134796
 10
245750.9726264842
 20
9361603.319134796
  0
LWPOLYLINE
  5
76
330
17
100
AcDbEntity
  8
_02__LOTES
100
AcDbPolyline
 90
4
 70
1
 10
245766.9726264842
 20
9361603.319134796
 10
245766.9726264842
 20
9361612.819134796
 10
245782.9726264842
 20
9361612.819134796
 10
245782.9726264842
 20
9361603.319134796
  0
LWPOLYLINE
  5
77
330
17
100
AcDbEntity
  8
_02__LOTES
100
AcDbPolyline
 90
4
 70
1
 10
245766.9726264842
 20
9361603.319134796
 10
245766.9726264842
 20
9361593.819134796
 10
245750.9726264842
 20
9361593.819134796
 10
245750.9726264842
 20
9361603.319134796
  0
LWPOLYLINE
  5
78
330
17
100
AcDbEntity
  8
_02__LOTES
100
AcDbPolyline
 90
4
 70
1
 10
245766.9726264842
 20
9361603.319134796
 10
245766.9726264842
 20
9361593.819134796
 10
245782.9726264842
 20
9361593.819134796
 10
245782.9726264842
 20
9361603.319134796
  0
LWPOLYLINE
  5
79
330
17
100
AcDbEntity
  8
_02__LOTES
100
AcDbPolyline
 90
4
 70
1
 10
245766.9726264842
 20
9361584.319134796
 10
245766.9726264842
 20
9361574.819134796
 10
245750.9726264842
 20
9361574.819134796
 10
245750.9726264842
 20
9361584.319134796
  0
LWPOLYLINE
  5
7A
330
17
100
AcDbEntity
  8
_02__LOTES
100
AcDbPolyline
 90
4
 70
1
 10
245766.9726264842
 20
9361584.319134796
 10
245766.9726264842
 20
9361574.819134796
 10
245782.9726264842
 20
9361574.819134796
 10
245782.9726264842
 20
9361584.319134796
  0
LWPOLYLINE
  5
7B
330
17
100
AcDbEntity
  8
_02__LOTES
100
AcDbPolyline
 90
4
 70
1
 10
245766.9726264842
 20
9361584.319134796
 10
245766.9726264842
 20
9361593.819134796
 10
245750.9726264842
 20
9361593.819134796
 10
245750.9726264842
 20
9361584.319134796
  0
LWPOLYLINE
  5
7C
330
17
100
AcDbEntity
  8
_02__LOTES
100
AcDbPolyline
 90
4
 70
1
 10
245766.9726264842
 20
9361584.319134796
 10
245766.9726264842
 20
9361593.819134796
 10
245782.9726264842
 20
9361593.819134796
 10
245782.9726264842
 20
9361584.319134796
  0
LWPOLYLINE
  5
7D
330
17
100
AcDbEntity
  8
_02__LOTES
100
AcDbPolyline
 90
4
 70
1
 10
245766.9726264842
 20
9361527.319134796
 10
245766.9726264842
 20
9361536.819134796
 10
245750.9726264842
 20
9361536.819134796
 10
245750.9726264842
 20
9361527.319134796
  0
LWPOLYLINE
  5
7E
330
17
100
AcDbEntity
  8
_02__LOTES
100
AcDbPolyline
 90
4
 70
1
 10
245766.9726264842
 20
9361527.319134796
 10
245766.9726264842
 20
9361536.819134796
 10
245782.9726264842
 20
9361536.819134796
 10
245782.9726264842
 20
9361527.319134796
  0
LWPOLYLINE
  5
7F
330
17
100
AcDbEntity
  8
_02__LOTES
100
AcDbPolyline
 90
4
 70
1
 10
245766.9726264842
 20
9361527.319134796
 10
245766.9726264842
 20
9361517.819134796
 10
245750.9726264842
 20
9361517.819134796
 10
245750.9726264842
 20
9361527.319134796
  0
LWPOLYLINE
  5
80
330
17
100
AcDbEntity
  8
_02__LOTES
100
AcDbPolyline
 90
4
 70
1
 10
245766.9726264842
 20
9361527.319134796
 10
245766.9726264842
 20
9361517.819134796
 10
245782.9726264842
 20
9361517.819134796
 10
245782.9726264842
 20
9361527.319134796
  0
LWPOLYLINE
  5
81
330
17
100
AcDbEntity
  8
_02__LOTES
100
AcDbPolyline
 90
4
 70
1
 10
245766.9726264842
 20
9361546.319134796
 10
245766.9726264842
 20
9361536.819134796
 10
245750.9726264842
 20
9361536.819134796
 10
245750.9726264842
 20
9361546.319134796
  0
LWPOLYLINE
  5
82
330
17
100
AcDbEntity
  8
_02__LOTES
100
AcDbPolyline
 90
4
 70
1
 10
245766.9726264842
 20
9361546.319134796
 10
245766.9726264842
 20
9361536.819134796
 10
245782.9726264842
 20
9361536.819134796
 10
245782.9726264842
 20
9361546.319134796
  0
LWPOLYLINE
  5
83
330
17
100
AcDbEntity
  8
_02__LOTES
100
AcDbPolyline
 90
4
 70
1
 10
245766.9726264842
 20
9361546.319134796
 10
245766.9726264842
 20
9361555.819134796
 10
245750.9726264842
 20
9361555.819134796
 10
245750.9726264842
 20
9361546.319134796
  0
LWPOLYLINE
  5
84
330
17
100
AcDbEntity
  8
_02__LOTES
100
AcDbPolyline
 90
4
 70
1
 10
245766.9726264842
 20
9361546.319134796
 10
245766.9726264842
 20
9361555.819134796
 10
245782.9726264842
 20
9361555.819134796
 10
245782.9726264842
 20
9361546.319134796
  0
LWPOLYLINE
  5
85
330
17
100
AcDbEntity
  8
_02__LOTES
100
AcDbPolyline
 90
4
 70
1
 10
245766.9726264842
 20
9361565.319134796
 10
245766.9726264842
 20
9361574.819134796
 10
245750.9726264842
 20
9361574.819134796
 10
245750.9726264842
 20
9361565.319134796
  0
LWPOLYLINE
  5
86
330
17
100
AcDbEntity
  8
_02__LOTES
100
AcDbPolyline
 90
4
 70
1
 10
245766.9726264842
 20
9361565.319134796
 10
245766.9726264842
 20
9361574.819134796
 10
245782.9726264842
 20
9361574.819134796
 10
245782.9726264842
 20
9361565.319134796
  0
LWPOLYLINE
  5
87
330
17
100
AcDbEntity
  8
_02__LOTES
100
AcDbPolyline
 90
4
 70
1
 10
245766.9726264842
 20
9361565.319134796
 10
245766.9726264842
 20
9361555.819134796
 10
245750.9726264842
 20
9361555.819134796
 10
245750.9726264842
 20
9361565.319134796
  0
LWPOLYLINE
  5
88
330
17
100
AcDbEntity
  8
_02__LOTES
100
AcDbPolyline
 90
4
 70
1
 10
245766.9726264842
 20
9361565.319134796
 10
245766.9726264842
 20
9361555.819134796
 10
245782.9726264842
 20
9361555.819134796
 10
245782.9726264842
 20
9361565.319134796
  0
LWPOLYLINE
  5
89
330
17
100
AcDbEntity
  8
_02__LOTES
100
AcDbPolyline
 90
4
 70
1
 10
245766.9726264842
 20
9361508.319134796
 10
245766.9726264842
 20
9361498.819134796
 10
245750.9726264842
 20
9361498.819134796
 10
245750.9726264842
 20
9361508.319134796
  0
LWPOLYLINE
  5
8A
330
17
100
AcDbEntity
  8
_02__LOTES
100
AcDbPolyline
 90
4
 70
1
 10
245766.9726264842
 20
9361508.319134796
 10
245766.9726264842
 20
9361517.819134796
 10
245750.9726264842
 20
9361517.819134796
 10
245750.9726264842
 20
9361508.319134796
  0
LWPOLYLINE
  5
8B
330
17
100
AcDbEntity
  8
_02__LOTES
100
AcDbPolyline
 90
4
 70
1
 10
245722.9726264842
 20
9361641.319134796
 10
245722.9726264842
 20
9361650.819134796
 10
245706.9726264842
 20
9361650.819134796
 10
245706.9726264842
 20
9361641.319134796
  0
LWPOLYLINE
  5
8C
330
17
100
AcDbEntity
  8
_02__LOTES
100
AcDbPolyline
 90
4
 70
1
 10
245722.9726264842
 20
9361660.819134796
 10
245722.9726264842
 20
9361650.819134796
 10
245706.9726264842
 20
9361650.819134796
 10
245706.9726264842
 20
9361660.819134796
  0
LWPOLYLINE
  5
8D
330
17
100
AcDbEntity
  8
_02__LOTES
100
AcDbPolyline
 90
4
 70
1
 10
245722.9726264842
 20
9361641.319134796
 10
245722.9726264842
 20
9361650.819134796
 10
245738.9726264842
 20
9361650.819134796
 10
245738.9726264842
 20
9361641.319134796
  0
LWPOLYLINE
  5
8E
330
17
100
AcDbEntity
  8
_02__LOTES
100
AcDbPolyline
 90
4
 70
1
 10
245722.9726264842
 20
9361660.819134796
 10
245722.9726264842
 20
9361650.819134796
 10
245738.9726264842
 20
9361650.819134796
 10
245738.9726264842
 20
9361660.819134796
  0
LWPOLYLINE
  5
8F
330
17
100
AcDbEntity
  8
_02__LOTES
100
AcDbPolyline
 90
4
 70
1
 10
245722.9726264842
 20
9361641.319134796
 10
245722.9726264842
 20
9361631.819134796
 10
245706.9726264842
 20
9361631.819134796
 10
245706.9726264842
 20
9361641.319134796
  0
LWPOLYLINE
  5
90
330
17
100
AcDbEntity
  8
_02__LOTES
100
AcDbPolyline
 90
4
 70
1
 10
245722.9726264842
 20
9361641.319134796
 10
245722.9726264842
 20
9361631.819134796
 10
245738.9726264842
 20
9361631.819134796
 10
245738.9726264842
 20
9361641.319134796
  0
LWPOLYLINE
  5
91
330
17
100
AcDbEntity
  8
_02__LOTES
100
AcDbPolyline
 90
4
 70
1
 10
245722.9726264842
 20
9361622.319134796
 10
245722.9726264842
 20
9361612.819134796
 10
245706.9726264842
 20
9361612.819134796
 10
245706.9726264842
 20
9361622.319134796
  0
LWPOLYLINE
  5
92
330
17
100
AcDbEntity
  8
_02__LOTES
100
AcDbPolyline
 90
4
 70
1
 10
245722.9726264842
 20
9361622.319134796
 10
245722.9726264842
 20
9361612.819134796
 10
245738.9726264842
 20
9361612.819134796
 10
245738.9726264842
 20
9361622.319134796
  0
LWPOLYLINE
  5
93
330
17
100
AcDbEntity
  8
_02__LOTES
100
AcDbPolyline
 90
4
 70
1
 10
245722.9726264842
 20
9361622.319134796
 10
245722.9726264842
 20
9361631.819134796
 10
245706.9726264842
 20
9361631.819134796
 10
245706.9726264842
 20
9361622.319134796
  0
LWPOLYLINE
  5
94
330
17
100
AcDbEntity
  8
_02__LOTES
100
AcDbPolyline
 90
4
 70
1
 10
245722.9726264842
 20
9361622.319134796
 10
245722.9726264842
 20
9361631.819134796
 10
245738.9726264842
 20
9361631.819134796
 10
245738.9726264842
 20
9361622.319134796
  0
LWPOLYLINE
  5
95
330
17
100
AcDbEntity
  8
_02__LOTES
100
AcDbPolyline
 90
4
 70
1
 10
245722.9726264842
 20
9361603.319134796
 10
245722.9726264842
 20
9361612.819134796
 10
245706.9726264842
 20
9361612.819134796
 10
245706.9726264842
 20
9361603.319134796
  0
LWPOLYLINE
  5
96
330
17
100
AcDbEntity
  8
_02__LOTES
100
AcDbPolyline
 90
4
 70
1
 10
245722.9726264842
 20
9361603.319134796
 10
245722.9726264842
 20
9361612.819134796
 10
245738.9726264842
 20
9361612.819134796
 10
245738.9726264842
 20
9361603.319134796
  0
LWPOLYLINE
  5
97
330
17
100
AcDbEntity
  8
_02__LOTES
100
AcDbPolyline
 90
4
 70
1
 10
245722.9726264842
 20
9361603.319134796
 10
245722.9726264842
 20
9361593.819134796
 10
245706.9726264842
 20
9361593.819134796
 10
245706.9726264842
 20
9361603.319134796
  0
LWPOLYLINE
  5
98
330
17
100
AcDbEntity
  8
_02__LOTES
100
AcDbPolyline
 90
4
 70
1
 10
245722.9726264842
 20
9361603.319134796
 10
245722.9726264842
 20
9361593.819134796
 10
245738.9726264842
 20
9361593.819134796
 10
245738.9726264842
 20
9361603.319134796
  0
LWPOLYLINE
  5
99
330
17
100
AcDbEntity
  8
_02__LOTES
100
AcDbPolyline
 90
4
 70
1
 10
245722.9726264842
 20
9361584.319134796
 10
245722.9726264842
 20
9361574.819134796
 10
245706.9726264842
 20
9361574.819134796
 10
245706.9726264842
 20
9361584.319134796
  0
LWPOLYLINE
  5
9A
330
17
100
AcDbEntity
  8
_02__LOTES
100
AcDbPolyline
 90
4
 70
1
 10
245722.9726264842
 20
9361584.319134796
 10
245722.9726264842
 20
9361574.819134796
 10
245738.9726264842
 20
9361574.819134796
 10
245738.9726264842
 20
9361584.319134796
  0
LWPOLYLINE
  5
9B
330
17
100
AcDbEntity
  8
_02__LOTES
100
AcDbPolyline
 90
4
 70
1
 10
245722.9726264842
 20
9361584.319134796
 10
245722.9726264842
 20
9361593.819134796
 10
245706.9726264842
 20
9361593.819134796
 10
245706.9726264842
 20
9361584.319134796
  0
LWPOLYLINE
  5
9C
330
17
100
AcDbEntity
  8
_02__LOTES
100
AcDbPolyline
 90
4
 70
1
 10
245722.9726264842
 20
9361584.319134796
 10
245722.9726264842
 20
9361593.819134796
 10
245738.9726264842
 20
9361593.819134796
 10
245738.9726264842
 20
9361584.319134796
  0
LWPOLYLINE
  5
9D
330
17
100
AcDbEntity
  8
_02__LOTES
100
AcDbPolyline
 90
4
 70
1
 10
245722.9726264842
 20
9361527.319134796
 10
245722.9726264842
 20
9361536.819134796
 10
245706.9726264842
 20
9361536.819134796
 10
245706.9726264842
 20
9361527.319134796
  0
LWPOLYLINE
  5
9E
330
17
100
AcDbEntity
  8
_02__LOTES
100
AcDbPolyline
 90
4
 70
1
 10
245722.9726264842
 20
9361527.319134796
 10
245722.9726264842
 20
9361536.819134796
 10
245738.9726264842
 20
9361536.819134796
 10
245738.9726264842
 20
9361527.319134796
  0
LWPOLYLINE
  5
9F
330
17
100
AcDbEntity
  8
_02__LOTES
100
AcDbPolyline
 90
4
 70
1
 10
245722.9726264842
 20
9361527.319134796
 10
245722.9726264842
 20
9361517.819134796
 10
245706.9726264842
 20
9361517.819134796
 10
245706.9726264842
 20
9361527.319134796
  0
LWPOLYLINE
  5
A0
330
17
100
AcDbEntity
  8
_02__LOTES
100
AcDbPolyline
 90
4
 70
1
 10
245722.9726264842
 20
9361527.319134796
 10
245722.9726264842
 20
9361517.819134796
 10
245738.9726264842
 20
9361517.819134796
 10
245738.9726264842
 20
9361527.319134796
  0
LWPOLYLINE
  5
A1
330
17
100
AcDbEntity
  8
_02__LOTES
100
AcDbPolyline
 90
4
 70
1
 10
245722.9726264842
 20
9361546.319134796
 10
245722.9726264842
 20
9361536.819134796
 10
245706.9726264842
 20
9361536.819134796
 10
245706.9726264842
 20
9361546.319134796
  0
LWPOLYLINE
  5
A2
330
17
100
AcDbEntity
  8
_02__LOTES
100
AcDbPolyline
 90
4
 70
1
 10
245722.9726264842
 20
9361546.319134796
 10
245722.9726264842
 20
9361536.819134796
 10
245738.9726264842
 20
9361536.819134796
 10
245738.9726264842
 20
9361546.319134796
  0
LWPOLYLINE
  5
A3
330
17
100
AcDbEntity
  8
_02__LOTES
100
AcDbPolyline
 90
4
 70
1
 10
245722.9726264842
 20
9361546.319134796
 10
245722.9726264842
 20
9361555.819134796
 10
245706.9726264842
 20
9361555.819134796
 10
245706.9726264842
 20
9361546.319134796
  0
LWPOLYLINE
  5
A4
330
17
100
AcDbEntity
  8
_02__LOTES
100
AcDbPolyline
 90
4
 70
1
 10
245722.9726264842
 20
9361546.319134796
 10
245722.9726264842
 20
9361555.819134796
 10
245738.9726264842
 20
9361555.819134796
 10
245738.9726264842
 20
9361546.319134796
  0
LWPOLYLINE
  5
A5
330
17
100
AcDbEntity
  8
_02__LOTES
100
AcDbPolyline
 90
4
 70
1
 10
245722.9726264842
 20
9361565.319134796
 10
245722.9726264842
 20
9361574.819134796
 10
245706.9726264842
 20
9361574.819134796
 10
245706.9726264842
 20
9361565.319134796
  0
LWPOLYLINE
  5
A6
330
17
100
AcDbEntity
  8
_02__LOTES
100
AcDbPolyline
 90
4
 70
1
 10
245722.9726264842
 20
9361565.319134796
 10
245722.9726264842
 20
9361574.819134796
 10
245738.9726264842
 20
9361574.819134796
 10
245738.9726264842
 20
9361565.319134796
  0
LWPOLYLINE
  5
A7
330
17
100
AcDbEntity
  8
_02__LOTES
100
AcDbPolyline
 90
4
 70
1
 10
245722.9726264842
 20
9361565.319134796
 10
245722.9726264842
 20
9361555.819134796
 10
245706.9726264842
 20
9361555.819134796
 10
245706.9726264842
 20
9361565.319134796
  0
LWPOLYLINE
  5
A8
330
17
100
AcDbEntity
  8
_02__LOTES
100
AcDbPolyline
 90
4
 70
1
 10
245722.9726264842
 20
9361565.319134796
 10
245722.9726264842
 20
9361555.819134796
 10
245738.9726264842
 20
9361555.819134796
 10
245738.9726264842
 20
9361565.319134796
  0
LWPOLYLINE
  5
A9
330
17
100
AcDbEntity
  8
_02__LOTES
100
AcDbPolyline
 90
4
 70
1
 10
245722.9726264842
 20
9361508.319134796
 10
245722.9726264842
 20
9361498.819134796
 10
245706.9726264842
 20
9361498.819134796
 10
245706.9726264842
 20
9361508.319134796
  0
LWPOLYLINE
  5
AA
330
17
100
AcDbEntity
  8
_02__LOTES
100
AcDbPolyline
 90
4
 70
1
 10
245722.9726264842
 20
9361508.319134796
 10
245722.9726264842
 20
9361498.819134796
 10
245738.9726264842
 20
9361498.819134796
 10
245738.9726264842
 20
9361508.319134796
  0
LWPOLYLINE
  5
AB
330
17
100
AcDbEntity
  8
_02__LOTES
100
AcDbPolyline
 90
4
 70
1
 10
245722.9726264842
 20
9361508.319134796
 10
245722.9726264842
 20
9361517.819134796
 10
245706.9726264842
 20
9361517.819134796
 10
245706.9726264842
 20
9361508.319134796
  0
LWPOLYLINE
  5
AC
330
17
100
AcDbEntity
  8
_02__LOTES
100
AcDbPolyline
 90
4
 70
1
 10
245722.9726264842
 20
9361508.319134796
 10
245722.9726264842
 20
9361517.819134796
 10
245738.9726264842
 20
9361517.819134796
 10
245738.9726264842
 20
9361508.319134796
  0
LWPOLYLINE
  5
AD
330
17
100
AcDbEntity
  8
_02__LOTES
100
AcDbPolyline
 90
4
 70
1
 10
245722.9726264842
 20
9361489.319134796
 10
245722.9726264842
 20
9361498.819134796
 10
245706.9726264842
 20
9361498.819134796
 10
245706.9726264842
 20
9361489.319134796
  0
LWPOLYLINE
  5
AE
330
17
100
AcDbEntity
  8
_02__LOTES
100
AcDbPolyline
 90
4
 70
1
 10
245722.9726264842
 20
9361489.319134796
 10
245722.9726264842
 20
9361498.819134796
 10
245738.9726264842
 20
9361498.819134796
 10
245738.9726264842
 20
9361489.319134796
  0
LWPOLYLINE
  5
AF
330
17
100
AcDbEntity
  8
_02__LOTES
100
AcDbPolyline
 90
4
 70
1
 10
245722.9726264842
 20
9361489.319134796
 10
245722.9726264842
 20
9361479.819134796
 10
245706.9726264842
 20
9361479.819134796
 10
245706.9726264842
 20
9361489.319134796
  0
LWPOLYLINE
  5
B0
330
17
100
AcDbEntity
  8
_02__LOTES
100
AcDbPolyline
 90
4
 70
1
 10
245678.9726264842
 20
9361641.319134796
 10
245678.9726264842
 20
9361650.819134796
 10
245662.9726264842
 20
9361650.819134796
 10
245662.9726264842
 20
9361641.319134796
  0
LWPOLYLINE
  5
B1
330
17
100
AcDbEntity
  8
_02__LOTES
100
AcDbPolyline
 90
4
 70
1
 10
245678.9726264842
 20
9361660.819134796
 10
245678.9726264842
 20
9361650.819134796
 10
245662.9726264842
 20
9361650.819134796
 10
245662.9726264842
 20
9361660.819134796
  0
LWPOLYLINE
  5
B2
330
17
100
AcDbEntity
  8
_02__LOTES
100
AcDbPolyline
 90
4
 70
1
 10
245678.9726264842
 20
9361641.319134796
 10
245678.9726264842
 20
9361650.819134796
 10
245694.9726264842
 20
9361650.819134796
 10
245694.9726264842
 20
9361641.319134796
  0
LWPOLYLINE
  5
B3
330
17
100
AcDbEntity
  8
_02__LOTES
100
AcDbPolyline
 90
4
 70
1
 10
245678.9726264842
 20
9361660.819134796
 10
245678.9726264842
 20
9361650.819134796
 10
245694.9726264842
 20
9361650.819134796
 10
245694.9726264842
 20
9361660.819134796
  0
LWPOLYLINE
  5
B4
330
17
100
AcDbEntity
  8
_02__LOTES
100
AcDbPolyline
 90
4
 70
1
 10
245678.9726264842
 20
9361641.319134796
 10
245678.9726264842
 20
9361631.819134796
 10
245662.9726264842
 20
9361631.819134796
 10
245662.9726264842
 20
9361641.319134796
  0
LWPOLYLINE
  5
B5
330
17
100
AcDbEntity
  8
_02__LOTES
100
AcDbPolyline
 90
4
 70
1
 10
245678.9726264842
 20
9361641.319134796
 10
245678.9726264842
 20
9361631.819134796
 10
245694.9726264842
 20
9361631.819134796
 10
245694.9726264842
 20
9361641.319134796
  0
LWPOLYLINE
  5
B6
330
17
100
AcDbEntity
  8
_02__LOTES
100
AcDbPolyline
 90
4
 70
1
 10
245678.9726264842
 20
9361622.319134796
 10
245678.9726264842
 20
9361612.819134796
 10
245662.9726264842
 20
9361612.819134796
 10
245662.9726264842
 20
9361622.319134796
  0
LWPOLYLINE
  5
B7
330
17
100
AcDbEntity
  8
_02__LOTES
100
AcDbPolyline
 90
4
 70
1
 10
245678.9726264842
 20
9361622.319134796
 10
245678.9726264842
 20
9361612.819134796
 10
245694.9726264842
 20
9361612.819134796
 10
245694.9726264842
 20
9361622.319134796
  0
LWPOLYLINE
  5
B8
330
17
100
AcDbEntity
  8
_02__LOTES
100
AcDbPolyline
 90
4
 70
1
 10
245678.9726264842
 20
9361622.319134796
 10
245678.9726264842
 20
9361631.819134796
 10
245662.9726264842
 20
9361631.819134796
 10
245662.9726264842
 20
9361622.319134796
  0
LWPOLYLINE
  5
B9
330
17
100
AcDbEntity
  8
_02__LOTES
100
AcDbPolyline
 90
4
 70
1
 10
245678.9726264842
 20
9361622.319134796
 10
245678.9726264842
 20
9361631.819134796
 10
245694.9726264842
 20
9361631.819134796
 10
245694.9726264842
 20
9361622.319134796
  0
LWPOLYLINE
  5
BA
330
17
100
AcDbEntity
  8
_02__LOTES
100
AcDbPolyline
 90
4
 70
1
 10
245678.9726264842
 20
9361603.319134796
 10
245678.9726264842
 20
9361612.819134796
 10
245662.9726264842
 20
9361612.819134796
 10
245662.9726264842
 20
9361603.319134796
  0
LWPOLYLINE
  5
BB
330
17
100
AcDbEntity
  8
_02__LOTES
100
AcDbPolyline
 90
4
 70
1
 10
245678.9726264842
 20
9361603.319134796
 10
245678.9726264842
 20
9361612.819134796
 10
245694.9726264842
 20
9361612.819134796
 10
245694.9726264842
 20
9361603.319134796
  0
LWPOLYLINE
  5
BC
330
17
100
AcDbEntity
  8
_02__LOTES
100
AcDbPolyline
 90
4
 70
1
 10
245678.9726264842
 20
9361603.319134796
 10
245678.9726264842
 20
9361593.819134796
 10
245662.9726264842
 20
9361593.819134796
 10
245662.9726264842
 20
9361603.319134796
  0
LWPOLYLINE
  5
BD
330
17
100
AcDbEntity
  8
_02__LOTES
100
AcDbPolyline
 90
4
 70
1
 10
245678.9726264842
 20
9361603.319134796
 10
245678.9726264842
 20
9361593.819134796
 10
245694.9726264842
 20
9361593.819134796
 10
245694.9726264842
 20
9361603.319134796
  0
LWPOLYLINE
  5
BE
330
17
100
AcDbEntity
  8
_02__LOTES
100
AcDbPolyline
 90
4
 70
1
 10
245678.9726264842
 20
9361584.319134796
 10
245678.9726264842
 20
9361574.819134796
 10
245662.9726264842
 20
9361574.819134796
 10
245662.9726264842
 20
9361584.319134796
  0
LWPOLYLINE
  5
BF
330
17
100
AcDbEntity
  8
_02__LOTES
100
AcDbPolyline
 90
4
 70
1
 10
245678.9726264842
 20
9361584.319134796
 10
245678.9726264842
 20
9361574.819134796
 10
245694.9726264842
 20
9361574.819134796
 10
245694.9726264842
 20
9361584.319134796
  0
LWPOLYLINE
  5
C0
330
17
100
AcDbEntity
  8
_02__LOTES
100
AcDbPolyline
 90
4
 70
1
 10
245678.9726264842
 20
9361584.319134796
 10
245678.9726264842
 20
9361593.819134796
 10
245662.9726264842
 20
9361593.819134796
 10
245662.9726264842
 20
9361584.319134796
  0
LWPOLYLINE
  5
C1
330
17
100
AcDbEntity
  8
_02__LOTES
100
AcDbPolyline
 90
4
 70
1
 10
245678.9726264842
 20
9361584.319134796
 10
245678.9726264842
 20
9361593.819134796
 10
245694.9726264842
 20
9361593.819134796
 10
245694.9726264842
 20
9361584.319134796
  0
LWPOLYLINE
  5
C2
330
17
100
AcDbEntity
  8
_02__LOTES
100
AcDbPolyline
 90
4
 70
1
 10
245678.9726264842
 20
9361527.319134796
 10
245678.9726264842
 20
9361536.819134796
 10
245662.9726264842
 20
9361536.819134796
 10
245662.9726264842
 20
9361527.319134796
  0
LWPOLYLINE
  5
C3
330
17
100
AcDbEntity
  8
_02__LOTES
100
AcDbPolyline
 90
4
 70
1
 10
245678.9726264842
 20
9361527.319134796
 10
245678.9726264842
 20
9361536.819134796
 10
245694.9726264842
 20
9361536.819134796
 10
245694.9726264842
 20
9361527.319134796
  0
LWPOLYLINE
  5
C4
330
17
100
AcDbEntity
  8
_02__LOTES
100
AcDbPolyline
 90
4
 70
1
 10
245678.9726264842
 20
9361527.319134796
 10
245678.9726264842
 20
9361517.819134796
 10
245662.9726264842
 20
9361517.819134796
 10
245662.9726264842
 20
9361527.319134796
  0
LWPOLYLINE
  5
C5
330
17
100
AcDbEntity
  8
_02__LOTES
100
AcDbPolyline
 90
4
 70
1
 10
245678.9726264842
 20
9361527.319134796
 10
245678.9726264842
 20
9361517.819134796
 10
245694.9726264842
 20
9361517.819134796
 10
245694.9726264842
 20
9361527.319134796
  0
LWPOLYLINE
  5
C6
330
17
100
AcDbEntity
  8
_02__LOTES
100
AcDbPolyline
 90
4
 70
1
 10
245678.9726264842
 20
9361546.319134796
 10
245678.9726264842
 20
9361536.819134796
 10
245662.9726264842
 20
9361536.819134796
 10
245662.9726264842
 20
9361546.319134796
  0
LWPOLYLINE
  5
C7
330
17
100
AcDbEntity
  8
_02__LOTES
100
AcDbPolyline
 90
4
 70
1
 10
245678.9726264842
 20
9361546.319134796
 10
245678.9726264842
 20
9361536.819134796
 10
245694.9726264842
 20
9361536.819134796
 10
245694.9726264842
 20
9361546.319134796
  0
LWPOLYLINE
  5
C8
330
17
100
AcDbEntity
  8
_02__LOTES
100
AcDbPolyline
 90
4
 70
1
 10
245678.9726264842
 20
9361546.319134796
 10
245678.9726264842
 20
9361555.819134796
 10
245662.9726264842
 20
9361555.819134796
 10
245662.9726264842
 20
9361546.319134796
  0
LWPOLYLINE
  5
C9
330
17
100
AcDbEntity
  8
_02__LOTES
100
AcDbPolyline
 90
4
 70
1
 10
245678.9726264842
 20
9361546.319134796
 10
245678.9726264842
 20
9361555.819134796
 10
245694.9726264842
 20
9361555.819134796
 10
245694.9726264842
 20
9361546.319134796
  0
LWPOLYLINE
  5
CA
330
17
100
AcDbEntity
  8
_02__LOTES
100
AcDbPolyline
 90
4
 70
1
 10
245678.9726264842
 20
9361565.319134796
 10
245678.9726264842
 20
9361574.819134796
 10
245662.9726264842
 20
9361574.819134796
 10
245662.9726264842
 20
9361565.319134796
  0
LWPOLYLINE
  5
CB
330
17
100
AcDbEntity
  8
_02__LOTES
100
AcDbPolyline
 90
4
 70
1
 10
245678.9726264842
 20
9361565.319134796
 10
245678.9726264842
 20
9361574.819134796
 10
245694.9726264842
 20
9361574.819134796
 10
245694.9726264842
 20
9361565.319134796
  0
LWPOLYLINE
  5
CC
330
17
100
AcDbEntity
  8
_02__LOTES
100
AcDbPolyline
 90
4
 70
1
 10
245678.9726264842
 20
9361565.319134796
 10
245678.9726264842
 20
9361555.819134796
 10
245662.9726264842
 20
9361555.819134796
 10
245662.9726264842
 20
9361565.319134796
  0
LWPOLYLINE
  5
CD
330
17
100
AcDbEntity
  8
_02__LOTES
100
AcDbPolyline
 90
4
 70
1
 10
245678.9726264842
 20
9361565.319134796
 10
245678.9726264842
 20
9361555.819134796
 10
245694.9726264842
 20
9361555.819134796
 10
245694.9726264842
 20
9361565.319134796
  0
LWPOLYLINE
  5
CE
330
17
100
AcDbEntity
  8
_02__LOTES
100
AcDbPolyline
 90
4
 70
1
 10
245678.9726264842
 20
9361508.319134796
 10
245678.9726264842
 20
9361498.819134796
 10
245662.9726264842
 20
9361498.819134796
 10
245662.9726264842
 20
9361508.319134796
  0
LWPOLYLINE
  5
CF
330
17
100
AcDbEntity
  8
_02__LOTES
100
AcDbPolyline
 90
4
 70
1
 10
245678.9726264842
 20
9361508.319134796
 10
245678.9726264842
 20
9361498.819134796
 10
245694.9726264842
 20
9361498.819134796
 10
245694.9726264842
 20
9361508.319134796
  0
LWPOLYLINE
  5
D0
330
17
100
AcDbEntity
  8
_02__LOTES
100
AcDbPolyline
 90
4
 70
1
 10
245678.9726264842
 20
9361508.319134796
 10
245678.9726264842
 20
9361517.819134796
 10
245662.9726264842
 20
9361517.819134796
 10
245662.9726264842
 20
9361508.319134796
  0
LWPOLYLINE
  5
D1
330
17
100
AcDbEntity
  8
_02__LOTES
100
AcDbPolyline
 90
4
 70
1
 10
245678.9726264842
 20
9361508.319134796
 10
245678.9726264842
 20
9361517.819134796
 10
245694.9726264842
 20
9361517.819134796
 10
245694.9726264842
 20
9361508.319134796
  0
LWPOLYLINE
  5
D2
330
17
100
AcDbEntity
  8
_02__LOTES
100
AcDbPolyline
 90
4
 70
1
 10
245678.9726264842
 20
9361489.319134796
 10
245678.9726264842
 20
9361498.819134796
 10
245662.9726264842
 20
9361498.819134796
 10
245662.9726264842
 20
9361489.319134796
  0
LWPOLYLINE
  5
D3
330
17
100
AcDbEntity
  8
_02__LOTES
100
AcDbPolyline
 90
4
 70
1
 10
245678.9726264842
 20
9361489.319134796
 10
245678.9726264842
 20
9361498.819134796
 10
245694.9726264842
 20
9361498.819134796
 10
245694.9726264842
 20
9361489.319134796
  0
LWPOLYLINE
  5
D4
330
17
100
AcDbEntity
  8
_02__LOTES
100
AcDbPolyline
 90
4
 70
1
 10
245678.9726264842
 20
9361470.319134796
 10
245678.9726264842
 20
9361479.819134796
 10
245662.9726264842
 20
9361479.819134796
 10
245662.9726264842
 20
9361470.319134796
  0
LWPOLYLINE
  5
D5
330
17
100
AcDbEntity
  8
_02__LOTES
100
AcDbPolyline
 90
4
 70
1
 10
245678.9726264842
 20
9361470.319134796
 10
245678.9726264842
 20
9361479.819134796
 10
245694.9726264842
 20
9361479.819134796
 10
245694.9726264842
 20
9361470.319134796
  0
LWPOLYLINE
  5
D6
330
17
100
AcDbEntity
  8
_02__LOTES
100
AcDbPolyline
 90
4
 70
1
 10
245678.9726264842
 20
9361489.319134796
 10
245678.9726264842
 20
9361479.819134796
 10
245662.9726264842
 20
9361479.819134796
 10
245662.9726264842
 20
9361489.319134796
  0
LWPOLYLINE
  5
D7
330
17
100
AcDbEntity
  8
_02__LOTES
100
AcDbPolyline
 90
4
 70
1
 10
245678.9726264842
 20
9361489.319134796
 10
245678.9726264842
 20
9361479.819134796
 10
245694.9726264842
 20
9361479.819134796
 10
245694.9726264842
 20
9361489.319134796
  0
LWPOLYLINE
  5
D8
330
17
100
AcDbEntity
  8
_02__LOTES
100
AcDbPolyline
 90
4
 70
1
 10
245634.9726264842
 20
9361459.719134796
 10
245634.9726264842
 20
9361469.219134796
 10
245618.9726264842
 20
9361469.219134796
 10
245618.9726264842
 20
9361459.719134796
  0
LWPOLYLINE
  5
D9
330
17
100
AcDbEntity
  8
_02__LOTES
100
AcDbPolyline
 90
4
 70
1
 10
245634.9726264842
 20
9361459.719134796
 10
245634.9726264842
 20
9361469.219134796
 10
245650.9726264842
 20
9361469.219134796
 10
245650.9726264842
 20
9361459.719134796
  0
LWPOLYLINE
  5
DA
330
17
100
AcDbEntity
  8
_02__LOTES
100
AcDbPolyline
 90
4
 70
1
 10
245634.9726264842
 20
9361478.719134796
 10
245634.9726264842
 20
9361469.219134796
 10
245618.9726264842
 20
9361469.219134796
 10
245618.9726264842
 20
9361478.719134796
  0
LWPOLYLINE
  5
DB
330
17
100
AcDbEntity
  8
_02__LOTES
100
AcDbPolyline
 90
4
 70
1
 10
245634.9726264842
 20
9361478.719134796
 10
245634.9726264842
 20
9361469.219134796
 10
245650.9726264842
 20
9361469.219134796
 10
245650.9726264842
 20
9361478.719134796
  0
LWPOLYLINE
  5
DC
330
17
100
AcDbEntity
  8
_02__LOTES
100
AcDbPolyline
 90
4
 70
1
 10
245590.9726264842
 20
9361641.319134796
 10
245590.9726264842
 20
9361650.819134796
 10
245574.9726264842
 20
9361650.819134796
 10
245574.9726264842
 20
9361641.319134796
  0
LWPOLYLINE
  5
DD
330
17
100
AcDbEntity
  8
_02__LOTES
100
AcDbPolyline
 90
4
 70
1
 10
245590.9726264842
 20
9361660.819134796
 10
245590.9726264842
 20
9361650.819134796
 10
245574.9726264842
 20
9361650.819134796
 10
245574.9726264842
 20
9361660.819134796
  0
LWPOLYLINE
  5
DE
330
17
100
AcDbEntity
  8
_02__LOTES
100
AcDbPolyline
 90
4
 70
1
 10
245590.9726264842
 20
9361641.319134796
 10
245590.9726264842
 20
9361650.819134796
 10
245606.9726264842
 20
9361650.819134796
 10
245606.9726264842
 20
9361641.319134796
  0
LWPOLYLINE
  5
DF
330
17
100
AcDbEntity
  8
_02__LOTES
100
AcDbPolyline
 90
4
 70
1
 10
245590.9726264842
 20
9361660.819134796
 10
245590.9726264842
 20
9361650.819134796
 10
245606.9726264842
 20
9361650.819134796
 10
245606.9726264842
 20
9361660.819134796
  0
LWPOLYLINE
  5
E0
330
17
100
AcDbEntity
  8
_02__LOTES
100
AcDbPolyline
 90
4
 70
1
 10
245590.9726264842
 20
9361641.319134796
 10
245590.9726264842
 20
9361631.819134796
 10
245574.9726264842
 20
9361631.819134796
 10
245574.9726264842
 20
9361641.319134796
  0
LWPOLYLINE
  5
E1
330
17
100
AcDbEntity
  8
_02__LOTES
100
AcDbPolyline
 90
4
 70
1
 10
245590.9726264842
 20
9361641.319134796
 10
245590.9726264842
 20
9361631.819134796
 10
245606.9726264842
 20
9361631.819134796
 10
245606.9726264842
 20
9361641.319134796
  0
LWPOLYLINE
  5
E2
330
17
100
AcDbEntity
  8
_02__LOTES
100
AcDbPolyline
 90
4
 70
1
 10
245590.9726264842
 20
9361622.319134796
 10
245590.9726264842
 20
9361612.819134796
 10
245574.9726264842
 20
9361612.819134796
 10
245574.9726264842
 20
9361622.319134796
  0
LWPOLYLINE
  5
E3
330
17
100
AcDbEntity
  8
_02__LOTES
100
AcDbPolyline
 90
4
 70
1
 10
245590.9726264842
 20
9361622.319134796
 10
245590.9726264842
 20
9361612.819134796
 10
245606.9726264842
 20
9361612.819134796
 10
245606.9726264842
 20
9361622.319134796
  0
LWPOLYLINE
  5
E4
330
17
100
AcDbEntity
  8
_02__LOTES
100
AcDbPolyline
 90
4
 70
1
 10
245590.9726264842
 20
9361622.319134796
 10
245590.9726264842
 20
9361631.819134796
 10
245574.9726264842
 20
9361631.819134796
 10
245574.9726264842
 20
9361622.319134796
  0
LWPOLYLINE
  5
E5
330
17
100
AcDbEntity
  8
_02__LOTES
100
AcDbPolyline
 90
4
 70
1
 10
245590.9726264842
 20
9361622.319134796
 10
245590.9726264842
 20
9361631.819134796
 10
245606.9726264842
 20
9361631.819134796
 10
245606.9726264842
 20
9361622.319134796
  0
LWPOLYLINE
  5
E6
330
17
100
AcDbEntity
  8
_02__LOTES
100
AcDbPolyline
 90
4
 70
1
 10
245590.9726264842
 20
9361603.319134796
 10
245590.9726264842
 20
9361612.819134796
 10
245574.9726264842
 20
9361612.819134796
 10
245574.9726264842
 20
9361603.319134796
  0
LWPOLYLINE
  5
E7
330
17
100
AcDbEntity
  8
_02__LOTES
100
AcDbPolyline
 90
4
 70
1
 10
245590.9726264842
 20
9361603.319134796
 10
245590.9726264842
 20
9361612.819134796
 10
245606.9726264842
 20
9361612.819134796
 10
245606.9726264842
 20
9361603.319134796
  0
LWPOLYLINE
  5
E8
330
17
100
AcDbEntity
  8
_02__LOTES
100
AcDbPolyline
 90
4
 70
1
 10
245590.9726264842
 20
9361603.319134796
 10
245590.9726264842
 20
9361593.819134796
 10
245574.9726264842
 20
9361593.819134796
 10
245574.9726264842
 20
9361603.319134796
  0
LWPOLYLINE
  5
E9
330
17
100
AcDbEntity
  8
_02__LOTES
100
AcDbPolyline
 90
4
 70
1
 10
245590.9726264842
 20
9361603.319134796
 10
245590.9726264842
 20
9361593.819134796
 10
245606.9726264842
 20
9361593.819134796
 10
245606.9726264842
 20
9361603.319134796
  0
LWPOLYLINE
  5
EA
330
17
100
AcDbEntity
  8
_02__LOTES
100
AcDbPolyline
 90
4
 70
1
 10
245590.9726264842
 20
9361584.319134796
 10
245590.9726264842
 20
9361574.819134796
 10
245574.9726264842
 20
9361574.819134796
 10
245574.9726264842
 20
9361584.319134796
  0
LWPOLYLINE
  5
EB
330
17
100
AcDbEntity
  8
_02__LOTES
100
AcDbPolyline
 90
4
 70
1
 10
245590.9726264842
 20
9361584.319134796
 10
245590.9726264842
 20
9361574.819134796
 10
245606.9726264842
 20
9361574.819134796
 10
245606.9726264842
 20
9361584.319134796
  0
LWPOLYLINE
  5
EC
330
17
100
AcDbEntity
  8
_02__LOTES
100
AcDbPolyline
 90
4
 70
1
 10
245590.9726264842
 20
9361584.319134796
 10
245590.9726264842
 20
9361593.819134796
 10
245574.9726264842
 20
9361593.819134796
 10
245574.9726264842
 20
9361584.319134796
  0
LWPOLYLINE
  5
ED
330
17
100
AcDbEntity
  8
_02__LOTES
100
AcDbPolyline
 90
4
 70
1
 10
245590.9726264842
 20
9361584.319134796
 10
245590.9726264842
 20
9361593.819134796
 10
245606.9726264842
 20
9361593.819134796
 10
245606.9726264842
 20
9361584.319134796
  0
LWPOLYLINE
  5
EE
330
17
100
AcDbEntity
  8
_02__LOTES
100
AcDbPolyline
 90
4
 70
1
 10
245590.9726264842
 20
9361527.319134796
 10
245590.9726264842
 20
9361536.819134796
 10
245574.9726264842
 20
9361536.819134796
 10
245574.9726264842
 20
9361527.319134796
  0
LWPOLYLINE
  5
EF
330
17
100
AcDbEntity
  8
_02__LOTES
100
AcDbPolyline
 90
4
 70
1
 10
245590.9726264842
 20
9361527.319134796
 10
245590.9726264842
 20
9361536.819134796
 10
245606.9726264842
 20
9361536.819134796
 10
245606.9726264842
 20
9361527.319134796
  0
LWPOLYLINE
  5
F0
330
17
100
AcDbEntity
  8
_02__LOTES
100
AcDbPolyline
 90
4
 70
1
 10
245590.9726264842
 20
9361527.319134796
 10
245590.9726264842
 20
9361517.819134796
 10
245574.9726264842
 20
9361517.819134796
 10
245574.9726264842
 20
9361527.319134796
  0
LWPOLYLINE
  5
F1
330
17
100
AcDbEntity
  8
_02__LOTES
100
AcDbPolyline
 90
4
 70
1
 10
245590.9726264842
 20
9361527.319134796
 10
245590.9726264842
 20
9361517.819134796
 10
245606.9726264842
 20
9361517.819134796
 10
245606.9726264842
 20
9361527.319134796
  0
LWPOLYLINE
  5
F2
330
17
100
AcDbEntity
  8
_02__LOTES
100
AcDbPolyline
 90
4
 70
1
 10
245590.9726264842
 20
9361546.319134796
 10
245590.9726264842
 20
9361536.819134796
 10
245574.9726264842
 20
9361536.819134796
 10
245574.9726264842
 20
9361546.319134796
  0
LWPOLYLINE
  5
F3
330
17
100
AcDbEntity
  8
_02__LOTES
100
AcDbPolyline
 90
4
 70
1
 10
245590.9726264842
 20
9361546.319134796
 10
245590.9726264842
 20
9361536.819134796
 10
245606.9726264842
 20
9361536.819134796
 10
245606.9726264842
 20
9361546.319134796
  0
LWPOLYLINE
  5
F4
330
17
100
AcDbEntity
  8
_02__LOTES
100
AcDbPolyline
 90
4
 70
1
 10
245590.9726264842
 20
9361546.319134796
 10
245590.9726264842
 20
9361555.819134796
 10
245574.9726264842
 20
9361555.819134796
 10
245574.9726264842
 20
9361546.319134796
  0
LWPOLYLINE
  5
F5
330
17
100
AcDbEntity
  8
_02__LOTES
100
AcDbPolyline
 90
4
 70
1
 10
245590.9726264842
 20
9361546.319134796
 10
245590.9726264842
 20
9361555.819134796
 10
245606.9726264842
 20
9361555.819134796
 10
245606.9726264842
 20
9361546.319134796
  0
LWPOLYLINE
  5
F6
330
17
100
AcDbEntity
  8
_02__LOTES
100
AcDbPolyline
 90
4
 70
1
 10
245590.9726264842
 20
9361565.319134796
 10
245590.9726264842
 20
9361574.819134796
 10
245574.9726264842
 20
9361574.819134796
 10
245574.9726264842
 20
9361565.319134796
  0
LWPOLYLINE
  5
F7
330
17
100
AcDbEntity
  8
_02__LOTES
100
AcDbPolyline
 90
4
 70
1
 10
245590.9726264842
 20
9361565.319134796
 10
245590.9726264842
 20
9361574.819134796
 10
245606.9726264842
 20
9361574.819134796
 10
245606.9726264842
 20
9361565.319134796
  0
LWPOLYLINE
  5
F8
330
17
100
AcDbEntity
  8
_02__LOTES
100
AcDbPolyline
 90
4
 70
1
 10
245590.9726264842
 20
9361565.319134796
 10
245590.9726264842
 20
9361555.819134796
 10
245574.9726264842
 20
9361555.819134796
 10
245574.9726264842
 20
9361565.319134796
  0
LWPOLYLINE
  5
F9
330
17
100
AcDbEntity
  8
_02__LOTES
100
AcDbPolyline
 90
4
 70
1
 10
245590.9726264842
 20
9361565.319134796
 10
245590.9726264842
 20
9361555.819134796
 10
245606.9726264842
 20
9361555.819134796
 10
245606.9726264842
 20
9361565.319134796
  0
LWPOLYLINE
  5
FA
330
17
100
AcDbEntity
  8
_02__LOTES
100
AcDbPolyline
 90
4
 70
1
 10
245590.9726264842
 20
9361508.319134796
 10
245590.9726264842
 20
9361498.819134796
 10
245574.9726264842
 20
9361498.819134796
 10
245574.9726264842
 20
9361508.319134796
  0
LWPOLYLINE
  5
FB
330
17
100
AcDbEntity
  8
_02__LOTES
100
AcDbPolyline
 90
4
 70
1
 10
245590.9726264842
 20
9361508.319134796
 10
245590.9726264842
 20
9361498.819134796
 10
245606.9726264842
 20
9361498.819134796
 10
245606.9726264842
 20
9361508.319134796
  0
LWPOLYLINE
  5
FC
330
17
100
AcDbEntity
  8
_02__LOTES
100
AcDbPolyline
 90
4
 70
1
 10
245590.9726264842
 20
9361508.319134796
 10
245590.9726264842
 20
9361517.819134796
 10
245574.9726264842
 20
9361517.819134796
 10
245574.9726264842
 20
9361508.319134796
  0
LWPOLYLINE
  5
FD
330
17
100
AcDbEntity
  8
_02__LOTES
100
AcDbPolyline
 90
4
 70
1
 10
245590.9726264842
 20
9361508.319134796
 10
245590.9726264842
 20
9361517.819134796
 10
245606.9726264842
 20
9361517.819134796
 10
245606.9726264842
 20
9361508.319134796
  0
LWPOLYLINE
  5
FE
330
17
100
AcDbEntity
  8
_02__LOTES
100
AcDbPolyline
 90
4
 70
1
 10
245590.9726264842
 20
9361489.319134796
 10
245590.9726264842
 20
9361498.819134796
 10
245574.9726264842
 20
9361498.819134796
 10
245574.9726264842
 20
9361489.319134796
  0
LWPOLYLINE
  5
FF
330
17
100
AcDbEntity
  8
_02__LOTES
100
AcDbPolyline
 90
4
 70
1
 10
245590.9726264842
 20
9361489.319134796
 10
245590.9726264842
 20
9361498.819134796
 10
245606.9726264842
 20
9361498.819134796
 10
245606.9726264842
 20
9361489.319134796
  0
LWPOLYLINE
  5
100
330
17
100
AcDbEntity
  8
_02__LOTES
100
AcDbPolyline
 90
4
 70
1
 10
245590.9726264842
 20
9361470.319134796
 10
245590.9726264842
 20
9361479.819134796
 10
245574.9726264842
 20
9361479.819134796
 10
245574.9726264842
 20
9361470.319134796
  0
LWPOLYLINE
  5
101
330
17
100
AcDbEntity
  8
_02__LOTES
100
AcDbPolyline
 90
4
 70
1
 10
245590.9726264842
 20
9361470.319134796
 10
245590.9726264842
 20
9361479.819134796
 10
245606.9726264842
 20
9361479.819134796
 10
245606.9726264842
 20
9361470.319134796
  0
LWPOLYLINE
  5
102
330
17
100
AcDbEntity
  8
_02__LOTES
100
AcDbPolyline
 90
4
 70
1
 10
245590.9726264842
 20
9361489.319134796
 10
245590.9726264842
 20
9361479.819134796
 10
245574.9726264842
 20
9361479.819134796
 10
245574.9726264842
 20
9361489.319134796
  0
LWPOLYLINE
  5
103
330
17
100
AcDbEntity
  8
_02__LOTES
100
AcDbPolyline
 90
4
 70
1
 10
245590.9726264842
 20
9361489.319134796
 10
245590.9726264842
 20
9361479.819134796
 10
245606.9726264842
 20
9361479.819134796
 10
245606.9726264842
 20
9361489.319134796
  0
LWPOLYLINE
  5
104
330
17
100
AcDbEntity
  8
_02__LOTES
100
AcDbPolyline
 90
4
 70
1
 10
245546.9726264842
 20
9361641.319134796
 10
245546.9726264842
 20
9361650.819134796
 10
245530.9726264842
 20
9361650.819134796
 10
245530.9726264842
 20
9361641.319134796
  0
LWPOLYLINE
  5
105
330
17
100
AcDbEntity
  8
_02__LOTES
100
AcDbPolyline
 90
4
 70
1
 10
245546.9726264842
 20
9361660.819134796
 10
245546.9726264842
 20
9361650.819134796
 10
245530.9726264842
 20
9361650.819134796
 10
245530.9726264842
 20
9361660.819134796
  0
LWPOLYLINE
  5
106
330
17
100
AcDbEntity
  8
_02__LOTES
100
AcDbPolyline
 90
4
 70
1
 10
245546.9726264842
 20
9361641.319134796
 10
245546.9726264842
 20
9361650.819134796
 10
245562.9726264842
 20
9361650.819134796
 10
245562.9726264842
 20
9361641.319134796
  0
LWPOLYLINE
  5
107
330
17
100
AcDbEntity
  8
_02__LOTES
100
AcDbPolyline
 90
4
 70
1
 10
245546.9726264842
 20
9361660.819134796
 10
245546.9726264842
 20
9361650.819134796
 10
245562.9726264842
 20
9361650.819134796
 10
245562.9726264842
 20
9361660.819134796
  0
LWPOLYLINE
  5
108
330
17
100
AcDbEntity
  8
_02__LOTES
100
AcDbPolyline
 90
4
 70
1
 10
245546.9726264842
 20
9361641.319134796
 10
245546.9726264842
 20
9361631.819134796
 10
245530.9726264842
 20
9361631.819134796
 10
245530.9726264842
 20
9361641.319134796
  0
LWPOLYLINE
  5
109
330
17
100
AcDbEntity
  8
_02__LOTES
100
AcDbPolyline
 90
4
 70
1
 10
245546.9726264842
 20
9361641.319134796
 10
245546.9726264842
 20
9361631.819134796
 10
245562.9726264842
 20
9361631.819134796
 10
245562.9726264842
 20
9361641.319134796
  0
LWPOLYLINE
  5
10A
330
17
100
AcDbEntity
  8
_02__LOTES
100
AcDbPolyline
 90
4
 70
1
 10
245546.9726264842
 20
9361622.319134796
 10
245546.9726264842
 20
9361612.819134796
 10
245530.9726264842
 20
9361612.819134796
 10
245530.9726264842
 20
9361622.319134796
  0
LWPOLYLINE
  5
10B
330
17
100
AcDbEntity
  8
_02__LOTES
100
AcDbPolyline
 90
4
 70
1
 10
245546.9726264842
 20
9361622.319134796
 10
245546.9726264842
 20
9361612.819134796
 10
245562.9726264842
 20
9361612.819134796
 10
245562.9726264842
 20
9361622.319134796
  0
LWPOLYLINE
  5
10C
330
17
100
AcDbEntity
  8
_02__LOTES
100
AcDbPolyline
 90
4
 70
1
 10
245546.9726264842
 20
9361622.319134796
 10
245546.9726264842
 20
9361631.819134796
 10
245530.9726264842
 20
9361631.819134796
 10
245530.9726264842
 20
9361622.319134796
  0
LWPOLYLINE
  5
10D
330
17
100
AcDbEntity
  8
_02__LOTES
100
AcDbPolyline
 90
4
 70
1
 10
245546.9726264842
 20
9361622.319134796
 10
245546.9726264842
 20
9361631.819134796
 10
245562.9726264842
 20
9361631.819134796
 10
245562.9726264842
 20
9361622.319134796
  0
LWPOLYLINE
  5
10E
330
17
100
AcDbEntity
  8
_02__LOTES
100
AcDbPolyline
 90
4
 70
1
 10
245546.9726264842
 20
9361603.319134796
 10
245546.9726264842
 20
9361612.819134796
 10
245530.9726264842
 20
9361612.819134796
 10
245530.9726264842
 20
9361603.319134796
  0
LWPOLYLINE
  5
10F
330
17
100
AcDbEntity
  8
_02__LOTES
100
AcDbPolyline
 90
4
 70
1
 10
245546.9726264842
 20
9361603.319134796
 10
245546.9726264842
 20
9361612.819134796
 10
245562.9726264842
 20
9361612.819134796
 10
245562.9726264842
 20
9361603.319134796
  0
LWPOLYLINE
  5
110
330
17
100
AcDbEntity
  8
_02__LOTES
100
AcDbPolyline
 90
4
 70
1
 10
245546.9726264842
 20
9361603.319134796
 10
245546.9726264842
 20
9361593.819134796
 10
245530.9726264842
 20
9361593.819134796
 10
245530.9726264842
 20
9361603.319134796
  0
LWPOLYLINE
  5
111
330
17
100
AcDbEntity
  8
_02__LOTES
100
AcDbPolyline
 90
4
 70
1
 10
245546.9726264842
 20
9361603.319134796
 10
245546.9726264842
 20
9361593.819134796
 10
245562.9726264842
 20
9361593.819134796
 10
245562.9726264842
 20
9361603.319134796
  0
LWPOLYLINE
  5
112
330
17
100
AcDbEntity
  8
_02__LOTES
100
AcDbPolyline
 90
4
 70
1
 10
245546.9726264842
 20
9361584.319134796
 10
245546.9726264842
 20
9361574.819134796
 10
245530.9726264842
 20
9361574.819134796
 10
245530.9726264842
 20
9361584.319134796
  0
LWPOLYLINE
  5
113
330
17
100
AcDbEntity
  8
_02__LOTES
100
AcDbPolyline
 90
4
 70
1
 10
245546.9726264842
 20
9361584.319134796
 10
245546.9726264842
 20
9361574.819134796
 10
245562.9726264842
 20
9361574.819134796
 10
245562.9726264842
 20
9361584.319134796
  0
LWPOLYLINE
  5
114
330
17
100
AcDbEntity
  8
_02__LOTES
100
AcDbPolyline
 90
4
 70
1
 10
245546.9726264842
 20
9361584.319134796
 10
245546.9726264842
 20
9361593.819134796
 10
245530.9726264842
 20
9361593.819134796
 10
245530.9726264842
 20
9361584.319134796
  0
LWPOLYLINE
  5
115
330
17
100
AcDbEntity
  8
_02__LOTES
100
AcDbPolyline
 90
4
 70
1
 10
245546.9726264842
 20
9361584.319134796
 10
245546.9726264842
 20
9361593.819134796
 10
245562.9726264842
 20
9361593.819134796
 10
245562.9726264842
 20
9361584.319134796
  0
LWPOLYLINE
  5
116
330
17
100
AcDbEntity
  8
_02__LOTES
100
AcDbPolyline
 90
4
 70
1
 10
245546.9726264842
 20
9361527.319134796
 10
245546.9726264842
 20
9361536.819134796
 10
245530.9726264842
 20
9361536.819134796
 10
245530.9726264842
 20
9361527.319134796
  0
LWPOLYLINE
  5
117
330
17
100
AcDbEntity
  8
_02__LOTES
100
AcDbPolyline
 90
4
 70
1
 10
245546.9726264842
 20
9361527.319134796
 10
245546.9726264842
 20
9361536.819134796
 10
245562.9726264842
 20
9361536.819134796
 10
245562.9726264842
 20
9361527.319134796
  0
LWPOLYLINE
  5
118
330
17
100
AcDbEntity
  8
_02__LOTES
100
AcDbPolyline
 90
4
 70
1
 10
245546.9726264842
 20
9361527.319134796
 10
245546.9726264842
 20
9361517.819134796
 10
245530.9726264842
 20
9361517.819134796
 10
245530.9726264842
 20
9361527.319134796
  0
LWPOLYLINE
  5
119
330
17
100
AcDbEntity
  8
_02__LOTES
100
AcDbPolyline
 90
4
 70
1
 10
245546.9726264842
 20
9361527.319134796
 10
245546.9726264842
 20
9361517.819134796
 10
245562.9726264842
 20
9361517.819134796
 10
245562.9726264842
 20
9361527.319134796
  0
LWPOLYLINE
  5
11A
330
17
100
AcDbEntity
  8
_02__LOTES
100
AcDbPolyline
 90
4
 70
1
 10
245546.9726264842
 20
9361546.319134796
 10
245546.9726264842
 20
9361536.819134796
 10
245530.9726264842
 20
9361536.819134796
 10
245530.9726264842
 20
9361546.319134796
  0
LWPOLYLINE
  5
11B
330
17
100
AcDbEntity
  8
_02__LOTES
100
AcDbPolyline
 90
4
 70
1
 10
245546.9726264842
 20
9361546.319134796
 10
245546.9726264842
 20
9361536.819134796
 10
245562.9726264842
 20
9361536.819134796
 10
245562.9726264842
 20
9361546.319134796
  0
LWPOLYLINE
  5
11C
330
17
100
AcDbEntity
  8
_02__LOTES
100
AcDbPolyline
 90
4
 70
1
 10
245546.9726264842
 20
9361546.319134796
 10
245546.9726264842
 20
9361555.819134796
 10
245530.9726264842
 20
9361555.819134796
 10
245530.9726264842
 20
9361546.319134796
  0
LWPOLYLINE
  5
11D
330
17
100
AcDbEntity
  8
_02__LOTES
100
AcDbPolyline
 90
4
 70
1
 10
245546.9726264842
 20
9361546.319134796
 10
245546.9726264842
 20
9361555.819134796
 10
245562.9726264842
 20
9361555.819134796
 10
245562.9726264842
 20
9361546.319134796
  0
LWPOLYLINE
  5
11E
330
17
100
AcDbEntity
  8
_02__LOTES
100
AcDbPolyline
 90
4
 70
1
 10
245546.9726264842
 20
9361565.319134796
 10
245546.9726264842
 20
9361574.819134796
 10
245530.9726264842
 20
9361574.819134796
 10
245530.9726264842
 20
9361565.319134796
  0
LWPOLYLINE
  5
11F
330
17
100
AcDbEntity
  8
_02__LOTES
100
AcDbPolyline
 90
4
 70
1
 10
245546.9726264842
 20
9361565.319134796
 10
245546.9726264842
 20
9361574.819134796
 10
245562.9726264842
 20
9361574.819134796
 10
245562.9726264842
 20
9361565.319134796
  0
LWPOLYLINE
  5
120
330
17
100
AcDbEntity
  8
_02__LOTES
100
AcDbPolyline
 90
4
 70
1
 10
245546.9726264842
 20
9361565.319134796
 10
245546.9726264842
 20
9361555.819134796
 10
245530.9726264842
 20
9361555.819134796
 10
245530.9726264842
 20
9361565.319134796
  0
LWPOLYLINE
  5
121
330
17
100
AcDbEntity
  8
_02__LOTES
100
AcDbPolyline
 90
4
 70
1
 10
245546.9726264842
 20
9361565.319134796
 10
245546.9726264842
 20
9361555.819134796
 10
245562.9726264842
 20
9361555.819134796
 10
245562.9726264842
 20
9361565.319134796
  0
LWPOLYLINE
  5
122
330
17
100
AcDbEntity
  8
_02__LOTES
100
AcDbPolyline
 90
4
 70
1
 10
245546.9726264842
 20
9361508.319134796
 10
245546.9726264842
 20
9361498.819134796
 10
245530.9726264842
 20
9361498.819134796
 10
245530.9726264842
 20
9361508.319134796
  0
LWPOLYLINE
  5
123
330
17
100
AcDbEntity
  8
_02__LOTES
100
AcDbPolyline
 90
4
 70
1
 10
245546.9726264842
 20
9361508.319134796
 10
245546.9726264842
 20
9361498.819134796
 10
245562.9726264842
 20
9361498.819134796
 10
245562.9726264842
 20
9361508.319134796
  0
LWPOLYLINE
  5
124
330
17
100
AcDbEntity
  8
_02__LOTES
100
AcDbPolyline
 90
4
 70
1
 10
245546.9726264842
 20
9361508.319134796
 10
245546.9726264842
 20
9361517.819134796
 10
245530.9726264842
 20
9361517.819134796
 10
245530.9726264842
 20
9361508.319134796
  0
LWPOLYLINE
  5
125
330
17
100
AcDbEntity
  8
_02__LOTES
100
AcDbPolyline
 90
4
 70
1
 10
245546.9726264842
 20
9361508.319134796
 10
245546.9726264842
 20
9361517.819134796
 10
245562.9726264842
 20
9361517.819134796
 10
245562.9726264842
 20
9361508.319134796
  0
LWPOLYLINE
  5
126
330
17
100
AcDbEntity
  8
_02__LOTES
100
AcDbPolyline
 90
4
 70
1
 10
245546.9726264842
 20
9361489.319134796
 10
245546.9726264842
 20
9361498.819134796
 10
245530.9726264842
 20
9361498.819134796
 10
245530.9726264842
 20
9361489.319134796
  0
LWPOLYLINE
  5
127
330
17
100
AcDbEntity
  8
_02__LOTES
100
AcDbPolyline
 90
4
 70
1
 10
245546.9726264842
 20
9361489.319134796
 10
245546.9726264842
 20
9361498.819134796
 10
245562.9726264842
 20
9361498.819134796
 10
245562.9726264842
 20
9361489.319134796
  0
LWPOLYLINE
  5
128
330
17
100
AcDbEntity
  8
_02__LOTES
100
AcDbPolyline
 90
4
 70
1
 10
245546.9726264842
 20
9361470.319134796
 10
245546.9726264842
 20
9361479.819134796
 10
245530.9726264842
 20
9361479.819134796
 10
245530.9726264842
 20
9361470.319134796
  0
LWPOLYLINE
  5
129
330
17
100
AcDbEntity
  8
_02__LOTES
100
AcDbPolyline
 90
4
 70
1
 10
245546.9726264842
 20
9361470.319134796
 10
245546.9726264842
 20
9361479.819134796
 10
245562.9726264842
 20
9361479.819134796
 10
245562.9726264842
 20
9361470.319134796
  0
LWPOLYLINE
  5
12A
330
17
100
AcDbEntity
  8
_02__LOTES
100
AcDbPolyline
 90
4
 70
1
 10
245546.9726264842
 20
9361489.319134796
 10
245546.9726264842
 20
9361479.819134796
 10
245530.9726264842
 20
9361479.819134796
 10
245530.9726264842
 20
9361489.319134796
  0
LWPOLYLINE
  5
12B
330
17
100
AcDbEntity
  8
_02__LOTES
100
AcDbPolyline
 90
4
 70
1
 10
245546.9726264842
 20
9361489.319134796
 10
245546.9726264842
 20
9361479.819134796
 10
245562.9726264842
 20
9361479.819134796
 10
245562.9726264842
 20
9361489.319134796
  0
LWPOLYLINE
  5
12C
330
17
100
AcDbEntity
  8
_02__LOTES
100
AcDbPolyline
 90
4
 70
1
 10
245502.9726264842
 20
9361641.319134796
 10
245502.9726264842
 20
9361650.819134796
 10
245486.9726264842
 20
9361650.819134796
 10
245486.9726264842
 20
9361641.319134796
  0
LWPOLYLINE
  5
12D
330
17
100
AcDbEntity
  8
_02__LOTES
100
AcDbPolyline
 90
4
 70
1
 10
245502.9726264842
 20
9361660.819134796
 10
245502.9726264842
 20
9361650.819134796
 10
245486.9726264842
 20
9361650.819134796
 10
245486.9726264842
 20
9361660.819134796
  0
LWPOLYLINE
  5
12E
330
17
100
AcDbEntity
  8
_02__LOTES
100
AcDbPolyline
 90
4
 70
1
 10
245502.9726264842
 20
9361641.319134796
 10
245502.9726264842
 20
9361650.819134796
 10
245518.9726264842
 20
9361650.819134796
 10
245518.9726264842
 20
9361641.319134796
  0
LWPOLYLINE
  5
12F
330
17
100
AcDbEntity
  8
_02__LOTES
100
AcDbPolyline
 90
4
 70
1
 10
245502.9726264842
 20
9361660.819134796
 10
245502.9726264842
 20
9361650.819134796
 10
245518.9726264842
 20
9361650.819134796
 10
245518.9726264842
 20
9361660.819134796
  0
LWPOLYLINE
  5
130
330
17
100
AcDbEntity
  8
_02__LOTES
100
AcDbPolyline
 90
4
 70
1
 10
245502.9726264842
 20
9361641.319134796
 10
245502.9726264842
 20
9361631.819134796
 10
245486.9726264842
 20
9361631.819134796
 10
245486.9726264842
 20
9361641.319134796
  0
LWPOLYLINE
  5
131
330
17
100
AcDbEntity
  8
_02__LOTES
100
AcDbPolyline
 90
4
 70
1
 10
245502.9726264842
 20
9361641.319134796
 10
245502.9726264842
 20
9361631.819134796
 10
245518.9726264842
 20
9361631.819134796
 10
245518.9726264842
 20
9361641.319134796
  0
LWPOLYLINE
  5
132
330
17
100
AcDbEntity
  8
_02__LOTES
100
AcDbPolyline
 90
4
 70
1
 10
245502.9726264842
 20
9361622.319134796
 10
245502.9726264842
 20
9361612.819134796
 10
245486.9726264842
 20
9361612.819134796
 10
245486.9726264842
 20
9361622.319134796
  0
LWPOLYLINE
  5
133
330
17
100
AcDbEntity
  8
_02__LOTES
100
AcDbPolyline
 90
4
 70
1
 10
245502.9726264842
 20
9361622.319134796
 10
245502.9726264842
 20
9361612.819134796
 10
245518.9726264842
 20
9361612.819134796
 10
245518.9726264842
 20
9361622.319134796
  0
LWPOLYLINE
  5
134
330
17
100
AcDbEntity
  8
_02__LOTES
100
AcDbPolyline
 90
4
 70
1
 10
245502.9726264842
 20
9361622.319134796
 10
245502.9726264842
 20
9361631.819134796
 10
245486.9726264842
 20
9361631.819134796
 10
245486.9726264842
 20
9361622.319134796
  0
LWPOLYLINE
  5
135
330
17
100
AcDbEntity
  8
_02__LOTES
100
AcDbPolyline
 90
4
 70
1
 10
245502.9726264842
 20
9361622.319134796
 10
245502.9726264842
 20
9361631.819134796
 10
245518.9726264842
 20
9361631.819134796
 10
245518.9726264842
 20
9361622.319134796
  0
LWPOLYLINE
  5
136
330
17
100
AcDbEntity
  8
_02__LOTES
100
AcDbPolyline
 90
4
 70
1
 10
245502.9726264842
 20
9361603.319134796
 10
245502.9726264842
 20
9361612.819134796
 10
245486.9726264842
 20
9361612.819134796
 10
245486.9726264842
 20
9361603.319134796
  0
LWPOLYLINE
  5
137
330
17
100
AcDbEntity
  8
_02__LOTES
100
AcDbPolyline
 90
4
 70
1
 10
245502.9726264842
 20
9361603.319134796
 10
245502.9726264842
 20
9361612.819134796
 10
245518.9726264842
 20
9361612.819134796
 10
245518.9726264842
 20
9361603.319134796
  0
LWPOLYLINE
  5
138
330
17
100
AcDbEntity
  8
_02__LOTES
100
AcDbPolyline
 90
4
 70
1
 10
245502.9726264842
 20
9361603.319134796
 10
245502.9726264842
 20
9361593.819134796
 10
245486.9726264842
 20
9361593.819134796
 10
245486.9726264842
 20
9361603.319134796
  0
LWPOLYLINE
  5
139
330
17
100
AcDbEntity
  8
_02__LOTES
100
AcDbPolyline
 90
4
 70
1
 10
245502.9726264842
 20
9361603.319134796
 10
245502.9726264842
 20
9361593.819134796
 10
245518.9726264842
 20
9361593.819134796
 10
245518.9726264842
 20
9361603.319134796
  0
LWPOLYLINE
  5
13A
330
17
100
AcDbEntity
  8
_02__LOTES
100
AcDbPolyline
 90
4
 70
1
 10
245502.9726264842
 20
9361584.319134796
 10
245502.9726264842
 20
9361574.819134796
 10
245486.9726264842
 20
9361574.819134796
 10
245486.9726264842
 20
9361584.319134796
  0
LWPOLYLINE
  5
13B
330
17
100
AcDbEntity
  8
_02__LOTES
100
AcDbPolyline
 90
4
 70
1
 10
245502.9726264842
 20
9361584.319134796
 10
245502.9726264842
 20
9361574.819134796
 10
245518.9726264842
 20
9361574.819134796
 10
245518.9726264842
 20
9361584.319134796
  0
LWPOLYLINE
  5
13C
330
17
100
AcDbEntity
  8
_02__LOTES
100
AcDbPolyline
 90
4
 70
1
 10
245502.9726264842
 20
9361584.319134796
 10
245502.9726264842
 20
9361593.819134796
 10
245486.9726264842
 20
9361593.819134796
 10
245486.9726264842
 20
9361584.319134796
  0
LWPOLYLINE
  5
13D
330
17
100
AcDbEntity
  8
_02__LOTES
100
AcDbPolyline
 90
4
 70
1
 10
245502.9726264842
 20
9361584.319134796
 10
245502.9726264842
 20
9361593.819134796
 10
245518.9726264842
 20
9361593.819134796
 10
245518.9726264842
 20
9361584.319134796
  0
LWPOLYLINE
  5
13E
330
17
100
AcDbEntity
  8
_02__LOTES
100
AcDbPolyline
 90
4
 70
1
 10
245502.9726264842
 20
9361527.319134796
 10
245502.9726264842
 20
9361536.819134796
 10
245486.9726264842
 20
9361536.819134796
 10
245486.9726264842
 20
9361527.319134796
  0
LWPOLYLINE
  5
13F
330
17
100
AcDbEntity
  8
_02__LOTES
100
AcDbPolyline
 90
4
 70
1
 10
245502.9726264842
 20
9361527.319134796
 10
245502.9726264842
 20
9361536.819134796
 10
245518.9726264842
 20
9361536.819134796
 10
245518.9726264842
 20
9361527.319134796
  0
LWPOLYLINE
  5
140
330
17
100
AcDbEntity
  8
_02__LOTES
100
AcDbPolyline
 90
4
 70
1
 10
245502.9726264842
 20
9361527.319134796
 10
245502.9726264842
 20
9361517.819134796
 10
245486.9726264842
 20
9361517.819134796
 10
245486.9726264842
 20
9361527.319134796
  0
LWPOLYLINE
  5
141
330
17
100
AcDbEntity
  8
_02__LOTES
100
AcDbPolyline
 90
4
 70
1
 10
245502.9726264842
 20
9361527.319134796
 10
245502.9726264842
 20
9361517.819134796
 10
245518.9726264842
 20
9361517.819134796
 10
245518.9726264842
 20
9361527.319134796
  0
LWPOLYLINE
  5
142
330
17
100
AcDbEntity
  8
_02__LOTES
100
AcDbPolyline
 90
4
 70
1
 10
245502.9726264842
 20
9361546.319134796
 10
245502.9726264842
 20
9361536.819134796
 10
245486.9726264842
 20
9361536.819134796
 10
245486.9726264842
 20
9361546.319134796
  0
LWPOLYLINE
  5
143
330
17
100
AcDbEntity
  8
_02__LOTES
100
AcDbPolyline
 90
4
 70
1
 10
245502.9726264842
 20
9361546.319134796
 10
245502.9726264842
 20
9361536.819134796
 10
245518.9726264842
 20
9361536.819134796
 10
245518.9726264842
 20
9361546.319134796
  0
LWPOLYLINE
  5
144
330
17
100
AcDbEntity
  8
_02__LOTES
100
AcDbPolyline
 90
4
 70
1
 10
245502.9726264842
 20
9361546.319134796
 10
245502.9726264842
 20
9361555.819134796
 10
245486.9726264842
 20
9361555.819134796
 10
245486.9726264842
 20
9361546.319134796
  0
LWPOLYLINE
  5
145
330
17
100
AcDbEntity
  8
_02__LOTES
100
AcDbPolyline
 90
4
 70
1
 10
245502.9726264842
 20
9361546.319134796
 10
245502.9726264842
 20
9361555.819134796
 10
245518.9726264842
 20
9361555.819134796
 10
245518.9726264842
 20
9361546.319134796
  0
LWPOLYLINE
  5
146
330
17
100
AcDbEntity
  8
_02__LOTES
100
AcDbPolyline
 90
4
 70
1
 10
245502.9726264842
 20
9361565.319134796
 10
245502.9726264842
 20
9361574.819134796
 10
245486.9726264842
 20
9361574.819134796
 10
245486.9726264842
 20
9361565.319134796
  0
LWPOLYLINE
  5
147
330
17
100
AcDbEntity
  8
_02__LOTES
100
AcDbPolyline
 90
4
 70
1
 10
245502.9726264842
 20
9361565.319134796
 10
245502.9726264842
 20
9361574.819134796
 10
245518.9726264842
 20
9361574.819134796
 10
245518.9726264842
 20
9361565.319134796
  0
LWPOLYLINE
  5
148
330
17
100
AcDbEntity
  8
_02__LOTES
100
AcDbPolyline
 90
4
 70
1
 10
245502.9726264842
 20
9361565.319134796
 10
245502.9726264842
 20
9361555.819134796
 10
245486.9726264842
 20
9361555.819134796
 10
245486.9726264842
 20
9361565.319134796
  0
LWPOLYLINE
  5
149
330
17
100
AcDbEntity
  8
_02__LOTES
100
AcDbPolyline
 90
4
 70
1
 10
245502.9726264842
 20
9361565.319134796
 10
245502.9726264842
 20
9361555.819134796
 10
245518.9726264842
 20
9361555.819134796
 10
245518.9726264842
 20
9361565.319134796
  0
LWPOLYLINE
  5
14A
330
17
100
AcDbEntity
  8
_02__LOTES
100
AcDbPolyline
 90
4
 70
1
 10
245502.9726264842
 20
9361508.319134796
 10
245502.9726264842
 20
9361498.819134796
 10
245486.9726264842
 20
9361498.819134796
 10
245486.9726264842
 20
9361508.319134796
  0
LWPOLYLINE
  5
14B
330
17
100
AcDbEntity
  8
_02__LOTES
100
AcDbPolyline
 90
4
 70
1
 10
245502.9726264842
 20
9361508.319134796
 10
245502.9726264842
 20
9361498.819134796
 10
245518.9726264842
 20
9361498.819134796
 10
245518.9726264842
 20
9361508.319134796
  0
LWPOLYLINE
  5
14C
330
17
100
AcDbEntity
  8
_02__LOTES
100
AcDbPolyline
 90
4
 70
1
 10
245502.9726264842
 20
9361508.319134796
 10
245502.9726264842
 20
9361517.819134796
 10
245486.9726264842
 20
9361517.819134796
 10
245486.9726264842
 20
9361508.319134796
  0
LWPOLYLINE
  5
14D
330
17
100
AcDbEntity
  8
_02__LOTES
100
AcDbPolyline
 90
4
 70
1
 10
245502.9726264842
 20
9361508.319134796
 10
245502.9726264842
 20
9361517.819134796
 10
245518.9726264842
 20
9361517.819134796
 10
245518.9726264842
 20
9361508.319134796
  0
LWPOLYLINE
  5
14E
330
17
100
AcDbEntity
  8
_02__LOTES
100
AcDbPolyline
 90
4
 70
1
 10
245502.9726264842
 20
9361489.319134796
 10
245502.9726264842
 20
9361498.819134796
 10
245486.9726264842
 20
9361498.819134796
 10
245486.9726264842
 20
9361489.319134796
  0
LWPOLYLINE
  5
14F
330
17
100
AcDbEntity
  8
_02__LOTES
100
AcDbPolyline
 90
4
 70
1
 10
245502.9726264842
 20
9361489.319134796
 10
245502.9726264842
 20
9361498.819134796
 10
245518.9726264842
 20
9361498.819134796
 10
245518.9726264842
 20
9361489.319134796
  0
LWPOLYLINE
  5
150
330
17
100
AcDbEntity
  8
_02__LOTES
100
AcDbPolyline
 90
4
 70
1
 10
245502.9726264842
 20
9361470.319134796
 10
245502.9726264842
 20
9361479.819134796
 10
245486.9726264842
 20
9361479.819134796
 10
245486.9726264842
 20
9361470.319134796
  0
LWPOLYLINE
  5
151
330
17
100
AcDbEntity
  8
_02__LOTES
100
AcDbPolyline
 90
4
 70
1
 10
245502.9726264842
 20
9361470.319134796
 10
245502.9726264842
 20
9361479.819134796
 10
245518.9726264842
 20
9361479.819134796
 10
245518.9726264842
 20
9361470.319134796
  0
LWPOLYLINE
  5
152
330
17
100
AcDbEntity
  8
_02__LOTES
100
AcDbPolyline
 90
4
 70
1
 10
245502.9726264842
 20
9361489.319134796
 10
245502.9726264842
 20
9361479.819134796
 10
245486.9726264842
 20
9361479.819134796
 10
245486.9726264842
 20
9361489.319134796
  0
LWPOLYLINE
  5
153
330
17
100
AcDbEntity
  8
_02__LOTES
100
AcDbPolyline
 90
4
 70
1
 10
245502.9726264842
 20
9361489.319134796
 10
245502.9726264842
 20
9361479.819134796
 10
245518.9726264842
 20
9361479.819134796
 10
245518.9726264842
 20
9361489.319134796
  0
LWPOLYLINE
  5
154
330
17
100
AcDbEntity
  8
_02__LOTES
100
AcDbPolyline
 90
4
 70
1
 10
245455.4726264842
 20
9361644.761822624
 10
245464.9726264842
 20
9361644.761822624
 10
245464.9726264842
 20
9361660.761822624
 10
245455.4726264842
 20
9361660.761822624
  0
LWPOLYLINE
  5
155
330
17
100
AcDbEntity
  8
_02__LOTES
100
AcDbPolyline
 90
4
 70
1
 10
245474.9726264842
 20
9361644.761822624
 10
245464.9726264842
 20
9361644.761822624
 10
245464.9726264842
 20
9361660.761822624
 10
245474.9726264842
 20
9361660.761822624
  0
LWPOLYLINE
  5
156
330
17
100
AcDbEntity
  8
_02__LOTES
100
AcDbPolyline
 90
4
 70
1
 10
245455.4726264842
 20
9361644.761822624
 10
245464.9726264842
 20
9361644.761822624
 10
245464.9726264842
 20
9361628.761822624
 10
245455.4726264842
 20
9361628.761822624
  0
LWPOLYLINE
  5
157
330
17
100
AcDbEntity
  8
_02__LOTES
100
AcDbPolyline
 90
4
 70
1
 10
245474.9726264842
 20
9361644.761822624
 10
245464.9726264842
 20
9361644.761822624
 10
245464.9726264842
 20
9361628.761822624
 10
245474.9726264842
 20
9361628.761822624
  0
LWPOLYLINE
  5
158
330
17
100
AcDbEntity
  8
_02__LOTES
100
AcDbPolyline
 90
4
 70
1
 10
245455.4726264842
 20
9361644.761822624
 10
245445.9726264842
 20
9361644.761822624
 10
245445.9726264842
 20
9361660.761822624
 10
245455.4726264842
 20
9361660.761822624
  0
LWPOLYLINE
  5
159
330
17
100
AcDbEntity
  8
_02__LOTES
100
AcDbPolyline
 90
4
 70
1
 10
245455.4726264842
 20
9361644.761822624
 10
245445.9726264842
 20
9361644.761822624
 10
245445.9726264842
 20
9361628.761822624
 10
245455.4726264842
 20
9361628.761822624
  0
LWPOLYLINE
  5
15A
330
17
100
AcDbEntity
  8
_02__LOTES
100
AcDbPolyline
 90
4
 70
1
 10
245455.4726264842
 20
9361600.761822624
 10
245464.9726264842
 20
9361600.761822624
 10
245464.9726264842
 20
9361616.761822624
 10
245455.4726264842
 20
9361616.761822624
  0
LWPOLYLINE
  5
15B
330
17
100
AcDbEntity
  8
_02__LOTES
100
AcDbPolyline
 90
4
 70
1
 10
245474.9726264842
 20
9361600.761822624
 10
245464.9726264842
 20
9361600.761822624
 10
245464.9726264842
 20
9361616.761822624
 10
245474.9726264842
 20
9361616.761822624
  0
LWPOLYLINE
  5
15C
330
17
100
AcDbEntity
  8
_02__LOTES
100
AcDbPolyline
 90
4
 70
1
 10
245455.4726264842
 20
9361600.761822624
 10
245464.9726264842
 20
9361600.761822624
 10
245464.9726264842
 20
9361584.761822624
 10
245455.4726264842
 20
9361584.761822624
  0
LWPOLYLINE
  5
15D
330
17
100
AcDbEntity
  8
_02__LOTES
100
AcDbPolyline
 90
4
 70
1
 10
245474.9726264842
 20
9361600.761822624
 10
245464.9726264842
 20
9361600.761822624
 10
245464.9726264842
 20
9361584.761822624
 10
245474.9726264842
 20
9361584.761822624
  0
LWPOLYLINE
  5
15E
330
17
100
AcDbEntity
  8
_02__LOTES
100
AcDbPolyline
 90
4
 70
1
 10
245455.4726264842
 20
9361600.761822624
 10
245445.9726264842
 20
9361600.761822624
 10
245445.9726264842
 20
9361584.761822624
 10
245455.4726264842
 20
9361584.761822624
  0
LWPOLYLINE
  5
15F
330
17
100
AcDbEntity
  8
_02__LOTES
100
AcDbPolyline
 90
4
 70
1
 10
245436.4726264842
 20
9361600.761822624
 10
245445.9726264842
 20
9361600.761822624
 10
245445.9726264842
 20
9361584.761822624
 10
245436.4726264842
 20
9361584.761822624
  0
LWPOLYLINE
  5
160
330
17
100
AcDbEntity
  8
_02__LOTES
100
AcDbPolyline
 90
4
 70
1
 10
245455.4726264842
 20
9361556.761822624
 10
245464.9726264842
 20
9361556.761822624
 10
245464.9726264842
 20
9361572.761822624
 10
245455.4726264842
 20
9361572.761822624
  0
LWPOLYLINE
  5
161
330
17
100
AcDbEntity
  8
_02__LOTES
100
AcDbPolyline
 90
4
 70
1
 10
245474.9726264842
 20
9361556.761822624
 10
245464.9726264842
 20
9361556.761822624
 10
245464.9726264842
 20
9361572.761822624
 10
245474.9726264842
 20
9361572.761822624
  0
LWPOLYLINE
  5
162
330
17
100
AcDbEntity
  8
_02__LOTES
100
AcDbPolyline
 90
4
 70
1
 10
245455.4726264842
 20
9361556.761822624
 10
245464.9726264842
 20
9361556.761822624
 10
245464.9726264842
 20
9361540.761822624
 10
245455.4726264842
 20
9361540.761822624
  0
LWPOLYLINE
  5
163
330
17
100
AcDbEntity
  8
_02__LOTES
100
AcDbPolyline
 90
4
 70
1
 10
245474.9726264842
 20
9361556.761822624
 10
245464.9726264842
 20
9361556.761822624
 10
245464.9726264842
 20
9361540.761822624
 10
245474.9726264842
 20
9361540.761822624
  0
LWPOLYLINE
  5
164
330
17
100
AcDbEntity
  8
_02__LOTES
100
AcDbPolyline
 90
4
 70
1
 10
245455.4726264842
 20
9361556.761822624
 10
245445.9726264842
 20
9361556.761822624
 10
245445.9726264842
 20
9361572.761822624
 10
245455.4726264842
 20
9361572.761822624
  0
LWPOLYLINE
  5
165
330
17
100
AcDbEntity
  8
_02__LOTES
100
AcDbPolyline
 90
4
 70
1
 10
245455.4726264842
 20
9361556.761822624
 10
245445.9726264842
 20
9361556.761822624
 10
245445.9726264842
 20
9361540.761822624
 10
245455.4726264842
 20
9361540.761822624
  0
LWPOLYLINE
  5
166
330
17
100
AcDbEntity
  8
_02__LOTES
100
AcDbPolyline
 90
4
 70
1
 10
245436.4726264842
 20
9361556.761822624
 10
245426.9726264842
 20
9361556.761822624
 10
245426.9726264842
 20
9361572.761822624
 10
245436.4726264842
 20
9361572.761822624
  0
LWPOLYLINE
  5
167
330
17
100
AcDbEntity
  8
_02__LOTES
100
AcDbPolyline
 90
4
 70
1
 10
245436.4726264842
 20
9361556.761822624
 10
245426.9726264842
 20
9361556.761822624
 10
245426.9726264842
 20
9361540.761822624
 10
245436.4726264842
 20
9361540.761822624
  0
LWPOLYLINE
  5
168
330
17
100
AcDbEntity
  8
_02__LOTES
100
AcDbPolyline
 90
4
 70
1
 10
245436.4726264842
 20
9361556.761822624
 10
245445.9726264842
 20
9361556.761822624
 10
245445.9726264842
 20
9361572.761822624
 10
245436.4726264842
 20
9361572.761822624
  0
LWPOLYLINE
  5
169
330
17
100
AcDbEntity
  8
_02__LOTES
100
AcDbPolyline
 90
4
 70
1
 10
245436.4726264842
 20
9361556.761822624
 10
245445.9726264842
 20
9361556.761822624
 10
245445.9726264842
 20
9361540.761822624
 10
245436.4726264842
 20
9361540.761822624
  0
LWPOLYLINE
  5
16A
330
17
100
AcDbEntity
  8
_02__LOTES
100
AcDbPolyline
 90
4
 70
1
 10
245455.4726264842
 20
9361512.761822624
 10
245464.9726264842
 20
9361512.761822624
 10
245464.9726264842
 20
9361528.761822624
 10
245455.4726264842
 20
9361528.761822624
  0
LWPOLYLINE
  5
16B
330
17
100
AcDbEntity
  8
_02__LOTES
100
AcDbPolyline
 90
4
 70
1
 10
245474.9726264842
 20
9361512.761822624
 10
245464.9726264842
 20
9361512.761822624
 10
245464.9726264842
 20
9361528.761822624
 10
245474.9726264842
 20
9361528.761822624
  0
LWPOLYLINE
  5
16C
330
17
100
AcDbEntity
  8
_02__LOTES
100
AcDbPolyline
 90
4
 70
1
 10
245455.4726264842
 20
9361512.761822624
 10
245464.9726264842
 20
9361512.761822624
 10
245464.9726264842
 20
9361496.761822624
 10
245455.4726264842
 20
9361496.761822624
  0
LWPOLYLINE
  5
16D
330
17
100
AcDbEntity
  8
_02__LOTES
100
AcDbPolyline
 90
4
 70
1
 10
245474.9726264842
 20
9361512.761822624
 10
245464.9726264842
 20
9361512.761822624
 10
245464.9726264842
 20
9361496.761822624
 10
245474.9726264842
 20
9361496.761822624
  0
LWPOLYLINE
  5
16E
330
17
100
AcDbEntity
  8
_02__LOTES
100
AcDbPolyline
 90
4
 70
1
 10
245455.4726264842
 20
9361512.761822624
 10
245445.9726264842
 20
9361512.761822624
 10
245445.9726264842
 20
9361528.761822624
 10
245455.4726264842
 20
9361528.761822624
  0
LWPOLYLINE
  5
16F
330
17
100
AcDbEntity
  8
_02__LOTES
100
AcDbPolyline
 90
4
 70
1
 10
245455.4726264842
 20
9361512.761822624
 10
245445.9726264842
 20
9361512.761822624
 10
245445.9726264842
 20
9361496.761822624
 10
245455.4726264842
 20
9361496.761822624
  0
LWPOLYLINE
  5
170
330
17
100
AcDbEntity
  8
_02__LOTES
100
AcDbPolyline
 90
4
 70
1
 10
245436.4726264842
 20
9361512.761822624
 10
245426.9726264842
 20
9361512.761822624
 10
245426.9726264842
 20
9361528.761822624
 10
245436.4726264842
 20
9361528.761822624
  0
LWPOLYLINE
  5
171
330
17
100
AcDbEntity
  8
_02__LOTES
100
AcDbPolyline
 90
4
 70
1
 10
245436.4726264842
 20
9361512.761822624
 10
245426.9726264842
 20
9361512.761822624
 10
245426.9726264842
 20
9361496.761822624
 10
245436.4726264842
 20
9361496.761822624
  0
LWPOLYLINE
  5
172
330
17
100
AcDbEntity
  8
_02__LOTES
100
AcDbPolyline
 90
4
 70
1
 10
245436.4726264842
 20
9361512.761822624
 10
245445.9726264842
 20
9361512.761822624
 10
245445.9726264842
 20
9361528.761822624
 10
245436.4726264842
 20
9361528.761822624
  0
LWPOLYLINE
  5
173
330
17
100
AcDbEntity
  8
_02__LOTES
100
AcDbPolyline
 90
4
 70
1
 10
245436.4726264842
 20
9361512.761822624
 10
245445.9726264842
 20
9361512.761822624
 10
245445.9726264842
 20
9361496.761822624
 10
245436.4726264842
 20
9361496.761822624
  0
LWPOLYLINE
  5
174
330
17
100
AcDbEntity
  8
_02__LOTES
100
AcDbPolyline
 90
4
 70
1
 10
245455.4726264842
 20
9361468.761822624
 10
245464.9726264842
 20
9361468.761822624
 10
245464.9726264842
 20
9361484.761822624
 10
245455.4726264842
 20
9361484.761822624
  0
LWPOLYLINE
  5
175
330
17
100
AcDbEntity
  8
_02__LOTES
100
AcDbPolyline
 90
4
 70
1
 10
245474.9726264842
 20
9361468.761822624
 10
245464.9726264842
 20
9361468.761822624
 10
245464.9726264842
 20
9361484.761822624
 10
245474.9726264842
 20
9361484.761822624
  0
LWPOLYLINE
  5
176
330
17
100
AcDbEntity
  8
_02__LOTES
100
AcDbPolyline
 90
4
 70
1
 10
245455.4726264842
 20
9361468.761822624
 10
245445.9726264842
 20
9361468.761822624
 10
245445.9726264842
 20
9361484.761822624
 10
245455.4726264842
 20
9361484.761822624
  0
LWPOLYLINE
  5
177
330
17
100
AcDbEntity
  8
_02__LOTES
100
AcDbPolyline
 90
4
 70
1
 10
245436.4726264842
 20
9361468.761822624
 10
245426.9726264842
 20
9361468.761822624
 10
245426.9726264842
 20
9361484.761822624
 10
245436.4726264842
 20
9361484.761822624
  0
LWPOLYLINE
  5
178
330
17
100
AcDbEntity
  8
_02__LOTES
100
AcDbPolyline
 90
4
 70
1
 10
245436.4726264842
 20
9361468.761822624
 10
245445.9726264842
 20
9361468.761822624
 10
245445.9726264842
 20
9361484.761822624
 10
245436.4726264842
 20
9361484.761822624
  0
LWPOLYLINE
  5
179
330
17
100
AcDbEntity
  8
_02__LOTES
100
AcDbPolyline
 90
4
 70
1
 10
245678.9726264842
 20
9361470.319134796
 10
245678.9726264842
 20
9361460.819134796
 10
245662.9726264842
 20
9361460.819134796
 10
245662.9726264842
 20
9361470.319134796
  0
LWPOLYLINE
  5
17A
330
17
100
AcDbEntity
  8
_02__LOTES
100
AcDbPolyline
 90
4
 70
1
 10
245590.9726264842
 20
9361470.319134796
 10
245590.9726264842
 20
9361460.819134796
 10
245574.9726264842
 20
9361460.819134796
 10
245574.9726264842
 20
9361470.319134796
  0
LWPOLYLINE
  5
17B
330
17
100
AcDbEntity
  8
_02__LOTES
100
AcDbPolyline
 90
4
 70
1
 10
245590.9726264842
 20
9361470.319134796
 10
245590.9726264842
 20
9361460.819134796
 10
245606.9726264842
 20
9361460.819134796
 10
245606.9726264842
 20
9361470.319134796
  0
LWPOLYLINE
  5
17C
330
17
100
AcDbEntity
  8
_02__LOTES
100
AcDbPolyline
 90
4
 70
1
 10
245546.9726264842
 20
9361470.319134796
 10
245546.9726264842
 20
9361460.819134796
 10
245530.9726264842
 20
9361460.819134796
 10
245530.9726264842
 20
9361470.319134796
  0
LWPOLYLINE
  5
17D
330
17
100
AcDbEntity
  8
_02__LOTES
100
AcDbPolyline
 90
4
 70
1
 10
245546.9726264842
 20
9361470.319134796
 10
245546.9726264842
 20
9361460.819134796
 10
245562.9726264842
 20
9361460.819134796
 10
245562.9726264842
 20
9361470.319134796
  0
LWPOLYLINE
  5
17E
330
17
100
AcDbEntity
  8
_02__LOTES
100
AcDbPolyline
 90
4
 70
1
 10
245502.9726264842
 20
9361470.319134796
 10
245502.9726264842
 20
9361460.819134796
 10
245486.9726264842
 20
9361460.819134796
 10
245486.9726264842
 20
9361470.319134796
  0
LWPOLYLINE
  5
17F
330
17
100
AcDbEntity
  8
_02__LOTES
100
AcDbPolyline
 90
4
 70
1
 10
245502.9726264842
 20
9361470.319134796
 10
245502.9726264842
 20
9361460.819134796
 10
245518.9726264842
 20
9361460.819134796
 10
245518.9726264842
 20
9361470.319134796
  0
LWPOLYLINE
  5
180
330
17
100
AcDbEntity
  8
_02__LOTES
100
AcDbPolyline
 90
4
 70
1
 10
245398.4726264842
 20
9361556.761822624
 10
245407.9726264842
 20
9361556.761822624
 10
245407.9726264842
 20
9361572.761822624
 10
245398.4726264842
 20
9361572.761822624
  0
LWPOLYLINE
  5
181
330
17
100
AcDbEntity
  8
_02__LOTES
100
AcDbPolyline
 90
4
 70
1
 10
245398.4726264842
 20
9361556.761822624
 10
245407.9726264842
 20
9361556.761822624
 10
245407.9726264842
 20
9361540.761822624
 10
245398.4726264842
 20
9361540.761822624
  0
LWPOLYLINE
  5
182
330
17
100
AcDbEntity
  8
_02__LOTES
100
AcDbPolyline
 90
4
 70
1
 10
245417.4726264842
 20
9361556.761822624
 10
245426.9726264842
 20
9361556.761822624
 10
245426.9726264842
 20
9361572.761822624
 10
245417.4726264842
 20
9361572.761822624
  0
LWPOLYLINE
  5
183
330
17
100
AcDbEntity
  8
_02__LOTES
100
AcDbPolyline
 90
4
 70
1
 10
245417.4726264842
 20
9361556.761822624
 10
245426.9726264842
 20
9361556.761822624
 10
245426.9726264842
 20
9361540.761822624
 10
245417.4726264842
 20
9361540.761822624
  0
LWPOLYLINE
  5
184
330
17
100
AcDbEntity
  8
_02__LOTES
100
AcDbPolyline
 90
4
 70
1
 10
245417.4726264842
 20
9361556.761822624
 10
245407.9726264842
 20
9361556.761822624
 10
245407.9726264842
 20
9361572.761822624
 10
245417.4726264842
 20
9361572.761822624
  0
LWPOLYLINE
  5
185
330
17
100
AcDbEntity
  8
_02__LOTES
100
AcDbPolyline
 90
4
 70
1
 10
245417.4726264842
 20
9361556.761822624
 10
245407.9726264842
 20
9361556.761822624
 10
245407.9726264842
 20
9361540.761822624
 10
245417.4726264842
 20
9361540.761822624
  0
LWPOLYLINE
  5
186
330
17
100
AcDbEntity
  8
_02__LOTES
100
AcDbPolyline
 90
4
 70
1
 10
245398.4726264842
 20
9361512.761822624
 10
245407.9726264842
 20
9361512.761822624
 10
245407.9726264842
 20
9361528.761822624
 10
245398.4726264842
 20
9361528.761822624
  0
LWPOLYLINE
  5
187
330
17
100
AcDbEntity
  8
_02__LOTES
100
AcDbPolyline
 90
4
 70
1
 10
245398.4726264842
 20
9361512.761822624
 10
245407.9726264842
 20
9361512.761822624
 10
245407.9726264842
 20
9361496.761822624
 10
245398.4726264842
 20
9361496.761822624
  0
LWPOLYLINE
  5
188
330
17
100
AcDbEntity
  8
_02__LOTES
100
AcDbPolyline
 90
4
 70
1
 10
245417.4726264842
 20
9361512.761822624
 10
245426.9726264842
 20
9361512.761822624
 10
245426.9726264842
 20
9361528.761822624
 10
245417.4726264842
 20
9361528.761822624
  0
LWPOLYLINE
  5
189
330
17
100
AcDbEntity
  8
_02__LOTES
100
AcDbPolyline
 90
4
 70
1
 10
245417.4726264842
 20
9361512.761822624
 10
245426.9726264842
 20
9361512.761822624
 10
245426.9726264842
 20
9361496.761822624
 10
245417.4726264842
 20
9361496.761822624
  0
LWPOLYLINE
  5
18A
330
17
100
AcDbEntity
  8
_02__LOTES
100
AcDbPolyline
 90
4
 70
1
 10
245417.4726264842
 20
9361512.761822624
 10
245407.9726264842
 20
9361512.761822624
 10
245407.9726264842
 20
9361528.761822624
 10
245417.4726264842
 20
9361528.761822624
  0
LWPOLYLINE
  5
18B
330
17
100
AcDbEntity
  8
_02__LOTES
100
AcDbPolyline
 90
4
 70
1
 10
245417.4726264842
 20
9361512.761822624
 10
245407.9726264842
 20
9361512.761822624
 10
245407.9726264842
 20
9361496.761822624
 10
245417.4726264842
 20
9361496.761822624
  0
LWPOLYLINE
  5
18C
330
17
100
AcDbEntity
  8
_02__LOTES
100
AcDbPolyline
 90
5
 70
1
 10
245826.9726264842
 20
9361535.319134796
 10
245810.9726264842
 20
9361535.319134796
 10
245810.9726264842
 20
9361525.819134796
 10
245810.9726264842
 20
9361514.941233277
 10
245826.9726264842
 20
9361523.173759231
  0
LWPOLYLINE
  5
18D
330
17
100
AcDbEntity
  8
_02__LOTES
100
AcDbPolyline
 90
4
 70
1
 10
245810.9726264842
 20
9361525.819134796
 10
245794.9726264842
 20
9361525.819134796
 10
245794.9726264842
 20
9361506.708707325
 10
245810.9726264842
 20
9361514.941233277
  0
LWPOLYLINE
  5
18E
330
17
100
AcDbEntity
  8
_02__LOTES
100
AcDbPolyline
 90
4
 70
1
 10
245766.9726264842
 20
9361498.819134796
 10
245750.9726264842
 20
9361498.819134796
 10
245750.9726264842
 20
9361484.069260951
 10
245766.9726264842
 20
9361492.301786909
  0
LWPOLYLINE
  5
18F
330
17
100
AcDbEntity
  8
_02__LOTES
100
AcDbPolyline
 90
6
 70
1
 10
245782.9726264842
 20
9361508.819134796
 10
245766.9726264842
 20
9361508.819134796
 10
245766.9726264842
 20
9361508.319134796
 10
245766.9726264842
 20
9361498.819134796
 10
245766.9726264842
 20
9361492.301786909
 10
245782.9726264842
 20
9361500.53431286
  0
LWPOLYLINE
  5
190
330
17
100
AcDbEntity
  8
_02__LOTES
100
AcDbPolyline
 90
4
 70
1
 10
245782.9726264842
 20
9361517.819134796
 10
245766.9726264842
 20
9361517.819134796
 10
245766.9726264842
 20
9361508.819134796
 10
245782.9726264842
 20
9361508.819134796
  0
LWPOLYLINE
  5
191
330
17
100
AcDbEntity
  8
_02__LOTES
100
AcDbPolyline
 90
4
 70
1
 10
245722.9726264842
 20
9361479.819134796
 10
245706.9726264842
 20
9361479.819134796
 10
245706.9726264842
 20
9361461.429814583
 10
245722.9726264842
 20
9361469.662340535
  0
LWPOLYLINE
  5
192
330
17
100
AcDbEntity
  8
_02__LOTES
100
AcDbPolyline
 90
5
 70
1
 10
245738.9726264842
 20
9361489.319134796
 10
245722.9726264842
 20
9361489.319134796
 10
245722.9726264842
 20
9361479.819134796
 10
245722.9726264842
 20
9361469.662340535
 10
245738.9726264842
 20
9361477.894866489
  0
LWPOLYLINE
  5
193
330
17
100
AcDbEntity
  8
_02__LOTES
100
AcDbPolyline
 90
4
 70
1
 10
245678.9726264842
 20
9361460.819134796
 10
245662.9726264842
 20
9361460.819134796
 10
245662.9726264842
 20
9361449.624231577
 10
245678.9726264842
 20
9361449.733132966
  0
LWPOLYLINE
  5
194
330
17
100
AcDbEntity
  8
_02__LOTES
100
AcDbPolyline
 90
7
 70
1
 10
245694.9726264842
 20
9361470.319134796
 10
245678.9726264842
 20
9361470.319134796
 10
245678.9726264842
 20
9361460.819134796
 10
245678.9726264842
 20
9361449.733132966
 10
245682.5049815951
 20
9361449.757175365
 10
245686.7636412535
 20
9361451.03162737
 10
245694.9726264842
 20
9361455.255420117
  0
LWPOLYLINE
  5
195
330
17
100
AcDbEntity
  8
_02__LOTES
100
AcDbPolyline
 90
4
 70
1
 10
245570.7161016028
 20
9361689.819134796
 10
245560.7161016028
 20
9361689.819134796
 10
245560.7161016028
 20
9361672.819134796
 10
245570.7161016028
 20
9361672.819134796
  0
LWPOLYLINE
  5
196
330
17
100
AcDbEntity
  8
_02__LOTES
100
AcDbPolyline
 90
4
 70
1
 10
245580.2161016028
 20
9361689.819134796
 10
245570.7161016028
 20
9361689.819134796
 10
245570.7161016028
 20
9361672.819134796
 10
245580.2161016028
 20
9361672.819134796
  0
LWPOLYLINE
  5
197
330
17
100
AcDbEntity
  8
_02__LOTES
100
AcDbPolyline
 90
4
 70
1
 10
245589.7161016028
 20
9361689.819134796
 10
245580.2161016028
 20
9361689.819134796
 10
245580.2161016028
 20
9361672.819134796
 10
245589.7161016028
 20
9361672.819134796
  0
LWPOLYLINE
  5
198
330
17
100
AcDbEntity
  8
_02__LOTES
100
AcDbPolyline
 90
4
 70
1
 10
245599.2161016028
 20
9361689.819134796
 10
245589.7161016028
 20
9361689.819134796
 10
245589.7161016028
 20
9361672.819134796
 10
245599.2161016028
 20
9361672.819134796
  0
LWPOLYLINE
  5
199
330
17
100
AcDbEntity
  8
_02__LOTES
100
AcDbPolyline
 90
4
 70
1
 10
245608.7161016028
 20
9361689.819134796
 10
245599.2161016028
 20
9361689.819134796
 10
245599.2161016028
 20
9361672.819134796
 10
245608.7161016028
 20
9361672.819134796
  0
LWPOLYLINE
  5
19A
330
17
100
AcDbEntity
  8
_02__LOTES
100
AcDbPolyline
 90
4
 70
1
 10
245618.2161016028
 20
9361689.819134796
 10
245608.7161016028
 20
9361689.819134796
 10
245608.7161016028
 20
9361672.819134796
 10
245618.2161016028
 20
9361672.819134796
  0
LWPOLYLINE
  5
19B
330
17
100
AcDbEntity
  8
_02__LOTES
100
AcDbPolyline
 90
4
 70
1
 10
245627.7161016028
 20
9361689.819134796
 10
245618.2161016028
 20
9361689.819134796
 10
245618.2161016028
 20
9361672.819134796
 10
245627.7161016028
 20
9361672.819134796
  0
LWPOLYLINE
  5
19C
330
17
100
AcDbEntity
  8
_02__LOTES
100
AcDbPolyline
 90
4
 70
1
 10
245637.2161016028
 20
9361689.819134796
 10
245627.7161016028
 20
9361689.819134796
 10
245627.7161016028
 20
9361672.819134796
 10
245637.2161016028
 20
9361672.819134796
  0
LWPOLYLINE
  5
19D
330
17
100
AcDbEntity
  8
_02__LOTES
100
AcDbPolyline
 90
4
 70
1
 10
245646.7161016028
 20
9361689.819134796
 10
245637.2161016028
 20
9361689.819134796
 10
245637.2161016028
 20
9361672.819134796
 10
245646.7161016028
 20
9361672.819134796
  0
LWPOLYLINE
  5
19E
330
17
100
AcDbEntity
  8
_02__LOTES
100
AcDbPolyline
 90
4
 70
1
 10
245656.2161016028
 20
9361689.819134796
 10
245646.7161016028
 20
9361689.819134796
 10
245646.7161016028
 20
9361672.819134796
 10
245656.2161016028
 20
9361672.819134796
  0
LWPOLYLINE
  5
19F
330
17
100
AcDbEntity
  8
_02__LOTES
100
AcDbPolyline
 90
4
 70
1
 10
245665.7161016028
 20
9361689.819134796
 10
245656.2161016028
 20
9361689.819134796
 10
245656.2161016028
 20
9361672.819134796
 10
245665.7161016028
 20
9361672.819134796
  0
LWPOLYLINE
  5
1A0
330
17
100
AcDbEntity
  8
_02__LOTES
100
AcDbPolyline
 90
4
 70
1
 10
245675.2161016028
 20
9361689.819134796
 10
245665.7161016028
 20
9361689.819134796
 10
245665.7161016028
 20
9361672.819134796
 10
245675.2161016028
 20
9361672.819134796
  0
LWPOLYLINE
  5
1A1
330
17
100
AcDbEntity
  8
_02__LOTES
100
AcDbPolyline
 90
4
 70
1
 10
245684.7161016028
 20
9361689.819134796
 10
245675.2161016028
 20
9361689.819134796
 10
245675.2161016028
 20
9361672.819134796
 10
245684.7161016028
 20
9361672.819134796
  0
LWPOLYLINE
  5
1A2
330
17
100
AcDbEntity
  8
_02__LOTES
100
AcDbPolyline
 90
4
 70
1
 10
245694.2161016028
 20
9361689.819134796
 10
245684.7161016028
 20
9361689.819134796
 10
245684.7161016028
 20
9361672.819134796
 10
245694.2161016028
 20
9361672.819134796
  0
LWPOLYLINE
  5
1A3
330
17
100
AcDbEntity
  8
_02__LOTES
100
AcDbPolyline
 90
4
 70
1
 10
245703.7161016028
 20
9361689.819134796
 10
245694.2161016028
 20
9361689.819134796
 10
245694.2161016028
 20
9361672.819134796
 10
245703.7161016028
 20
9361672.819134796
  0
LWPOLYLINE
  5
1A4
330
17
100
AcDbEntity
  8
_02__LOTES
100
AcDbPolyline
 90
4
 70
1
 10
245713.2161016028
 20
9361689.819134796
 10
245703.7161016028
 20
9361689.819134796
 10
245703.7161016028
 20
9361672.819134796
 10
245713.2161016028
 20
9361672.819134796
  0
LWPOLYLINE
  5
1A5
330
17
100
AcDbEntity
  8
_02__LOTES
100
AcDbPolyline
 90
4
 70
1
 10
245723.2161016028
 20
9361689.819134796
 10
245713.2161016028
 20
9361689.819134796
 10
245713.2161016028
 20
9361672.819134796
 10
245723.2161016028
 20
9361672.819134796
  0
LWPOLYLINE
  5
1A6
330
17
100
AcDbEntity
  8
_02__LOTES
100
AcDbPolyline
 90
4
 70
1
 10
245590.9726264842
 20
9361460.819134796
 10
245574.9726264842
 20
9361460.819134796
 10
245574.9726264842
 20
9361449.025273928
 10
245590.9726264842
 20
9361449.13417532
  0
LWPOLYLINE
  5
1A7
330
17
100
AcDbEntity
  8
_02__LOTES
100
AcDbPolyline
 90
4
 70
1
 10
245606.9726264842
 20
9361460.819134796
 10
245590.9726264842
 20
9361460.819134796
 10
245590.9726264842
 20
9361449.13417532
 10
245606.9726264842
 20
9361449.24307671
  0
LWPOLYLINE
  5
1A8
330
17
100
AcDbEntity
  8
_02__LOTES
100
AcDbPolyline
 90
4
 70
1
 10
245546.9726264842
 20
9361460.819134796
 10
245530.9726264842
 20
9361460.819134796
 10
245530.9726264842
 20
9361449.287304664
 10
245546.9726264842
 20
9361448.958577635
  0
LWPOLYLINE
  5
1A9
330
17
100
AcDbEntity
  8
_02__LOTES
100
AcDbPolyline
 90
5
 70
1
 10
245562.9726264842
 20
9361460.819134796
 10
245546.9726264842
 20
9361460.819134796
 10
245546.9726264842
 20
9361448.958577635
 10
245551.5018072578
 20
9361448.865523625
 10
245562.9726264842
 20
9361448.943597885
  0
LWPOLYLINE
  5
1AA
330
17
100
AcDbEntity
  8
_02__LOTES
100
AcDbPolyline
 90
4
 70
1
 10
245502.9726264842
 20
9361460.819134796
 10
245486.9726264842
 20
9361460.819134796
 10
245486.9726264842
 20
9361452.546440855
 10
245502.9726264842
 20
9361450.504473696
  0
LWPOLYLINE
  5
1AB
330
17
100
AcDbEntity
  8
_02__LOTES
100
AcDbPolyline
 90
5
 70
1
 10
245518.9726264842
 20
9361460.819134796
 10
245502.9726264842
 20
9361460.819134796
 10
245502.9726264842
 20
9361450.504473696
 10
245508.9673189269
 20
9361449.739413377
 10
245518.9726264842
 20
9361449.533849938
  0
LWPOLYLINE
  5
1AC
330
17
100
AcDbEntity
  8
_02__LOTES
100
AcDbPolyline
 90
4
 70
1
 10
245481.7161016027
 20
9361689.819134796
 10
245472.2161016028
 20
9361689.819134796
 10
245472.2161016028
 20
9361672.819134796
 10
245481.7161016027
 20
9361672.819134796
  0
LWPOLYLINE
  5
1AD
330
17
100
AcDbEntity
  8
_02__LOTES
100
AcDbPolyline
 90
4
 70
1
 10
245491.2161016028
 20
9361689.819134796
 10
245481.7161016027
 20
9361689.819134796
 10
245481.7161016027
 20
9361672.819134796
 10
245491.2161016028
 20
9361672.819134796
  0
LWPOLYLINE
  5
1AE
330
17
100
AcDbEntity
  8
_02__LOTES
100
AcDbPolyline
 90
4
 70
1
 10
245500.7161016028
 20
9361689.819134796
 10
245491.2161016028
 20
9361689.819134796
 10
245491.2161016028
 20
9361672.819134796
 10
245500.7161016028
 20
9361672.819134796
  0
LWPOLYLINE
  5
1AF
330
17
100
AcDbEntity
  8
_02__LOTES
100
AcDbPolyline
 90
4
 70
1
 10
245510.2161016028
 20
9361689.819134796
 10
245500.7161016028
 20
9361689.819134796
 10
245500.7161016028
 20
9361672.819134796
 10
245510.2161016028
 20
9361672.819134796
  0
LWPOLYLINE
  5
1B0
330
17
100
AcDbEntity
  8
_02__LOTES
100
AcDbPolyline
 90
4
 70
1
 10
245519.7161016028
 20
9361689.819134796
 10
245510.2161016028
 20
9361689.819134796
 10
245510.2161016028
 20
9361672.819134796
 10
245519.7161016028
 20
9361672.819134796
  0
LWPOLYLINE
  5
1B1
330
17
100
AcDbEntity
  8
_02__LOTES
100
AcDbPolyline
 90
4
 70
1
 10
245529.2161016028
 20
9361689.819134796
 10
245519.7161016028
 20
9361689.819134796
 10
245519.7161016028
 20
9361672.819134796
 10
245529.2161016028
 20
9361672.819134796
  0
LWPOLYLINE
  5
1B2
330
17
100
AcDbEntity
  8
_02__LOTES
100
AcDbPolyline
 90
4
 70
1
 10
245538.7161016028
 20
9361689.819134796
 10
245529.2161016028
 20
9361689.819134796
 10
245529.2161016028
 20
9361672.819134796
 10
245538.7161016028
 20
9361672.819134796
  0
LWPOLYLINE
  5
1B3
330
17
100
AcDbEntity
  8
_02__LOTES
100
AcDbPolyline
 90
4
 70
1
 10
245548.7161016028
 20
9361689.819134796
 10
245538.7161016028
 20
9361689.819134796
 10
245538.7161016028
 20
9361672.819134796
 10
245548.7161016028
 20
9361672.819134796
  0
LWPOLYLINE
  5
1B4
330
17
100
AcDbEntity
  8
_02__LOTES
100
AcDbPolyline
 90
4
 70
1
 10
245417.4726264842
 20
9361600.761822624
 10
245426.9726264842
 20
9361600.761822624
 10
245426.9726264842
 20
9361584.761822624
 10
245417.4726264842
 20
9361584.761822624
  0
LWPOLYLINE
  5
1B5
330
17
100
AcDbEntity
  8
_02__LOTES
100
AcDbPolyline
 90
4
 70
1
 10
245436.4726264842
 20
9361600.761822624
 10
245426.9726264842
 20
9361600.761822624
 10
245426.9726264842
 20
9361584.761822624
 10
245436.4726264842
 20
9361584.761822624
  0
LWPOLYLINE
  5
1B6
330
17
100
AcDbEntity
  8
_02__LOTES
100
AcDbPolyline
 90
4
 70
1
 10
245417.4726264842
 20
9361600.761822624
 10
245407.9726264842
 20
9361600.761822624
 10
245407.9726264842
 20
9361584.761822624
 10
245417.4726264842
 20
9361584.761822624
  0
LWPOLYLINE
  5
1B7
330
17
100
AcDbEntity
  8
_02__LOTES
100
AcDbPolyline
 90
4
 70
1
 10
245398.4726264842
 20
9361600.761822624
 10
245407.9726264842
 20
9361600.761822624
 10
245407.9726264842
 20
9361584.761822624
 10
245398.4726264842
 20
9361584.761822624
  0
LWPOLYLINE
  5
1B8
330
17
100
AcDbEntity
  8
_02__LOTES
100
AcDbPolyline
 90
4
 70
1
 10
245398.4726264842
 20
9361468.761822624
 10
245407.9726264842
 20
9361468.761822624
 10
245407.9726264842
 20
9361484.761822624
 10
245398.4726264842
 20
9361484.761822624
  0
LWPOLYLINE
  5
1B9
330
17
100
AcDbEntity
  8
_02__LOTES
100
AcDbPolyline
 90
4
 70
1
 10
245417.4726264842
 20
9361468.761822624
 10
245426.9726264842
 20
9361468.761822624
 10
245426.9726264842
 20
9361484.761822624
 10
245417.4726264842
 20
9361484.761822624
  0
LWPOLYLINE
  5
1BA
330
17
100
AcDbEntity
  8
_02__LOTES
100
AcDbPolyline
 90
4
 70
1
 10
245417.4726264842
 20
9361468.761822624
 10
245407.9726264842
 20
9361468.761822624
 10
245407.9726264842
 20
9361484.761822624
 10
245417.4726264842
 20
9361484.761822624
  0
LWPOLYLINE
  5
1BB
330
17
100
AcDbEntity
  8
_02__LOTES
100
AcDbPolyline
 90
4
 70
1
 10
245398.4726264842
 20
9361468.761822624
 10
245388.9726264842
 20
9361468.761822624
 10
245388.9726264842
 20
9361484.761822624
 10
245398.4726264842
 20
9361484.761822624
  0
LWPOLYLINE
  5
1BC
330
17
100
AcDbEntity
  8
_02__LOTES
100
AcDbPolyline
 90
4
 70
1
 10
245379.4726264842
 20
9361468.761822624
 10
245388.9726264842
 20
9361468.761822624
 10
245388.9726264842
 20
9361484.761822624
 10
245379.4726264842
 20
9361484.761822624
  0
LWPOLYLINE
  5
1BD
330
17
100
AcDbEntity
  8
_02__LOTES
100
AcDbPolyline
 90
4
 70
1
 10
245379.4726264842
 20
9361512.761822624
 10
245369.9726264842
 20
9361512.761822624
 10
245369.9726264842
 20
9361496.761822624
 10
245379.4726264842
 20
9361496.761822624
  0
LWPOLYLINE
  5
1BE
330
17
100
AcDbEntity
  8
_02__LOTES
100
AcDbPolyline
 90
4
 70
1
 10
245379.4726264842
 20
9361468.761822624
 10
245369.9726264842
 20
9361468.761822624
 10
245369.9726264842
 20
9361484.761822624
 10
245379.4726264842
 20
9361484.761822624
  0
LWPOLYLINE
  5
1BF
330
17
100
AcDbEntity
  8
_02__LOTES
100
AcDbPolyline
 90
4
 70
1
 10
245618.9726264842
 20
9361619.719134796
 10
245650.9726264842
 20
9361619.719134796
 10
245650.9726264842
 20
9361660.819134796
 10
245618.9726264842
 20
9361660.819134796
  0
LWPOLYLINE
  5
1C0
330
17
100
AcDbEntity
  8
_02__LOTES
100
AcDbPolyline
 90
4
 70
1
 10
245634.9726264842
 20
9361459.719134796
 10
245618.9726264842
 20
9361459.719134796
 10
245618.9726264842
 20
9361449.324752752
 10
245634.9726264842
 20
9361449.433654143
  0
LWPOLYLINE
  5
1C1
330
17
100
AcDbEntity
  8
_02__LOTES
100
AcDbPolyline
 90
4
 70
1
 10
245650.9726264842
 20
9361459.719134796
 10
245634.9726264842
 20
9361459.719134796
 10
245634.9726264842
 20
9361449.433654143
 10
245650.9726264842
 20
9361449.542555533
  0
MTEXT
  5
1C2
330
17
100
AcDbEntity
  8
EF-ID-LOTES
100
AcDbMText
 10
245845.3335220507
 20
9361646.613327432
 30
0.0
 40
2.4
 41
8.0
 71
1
  1
523
  0
MTEXT
  5
1C3
330
17
100
AcDbEntity
  8
EF-ID-LOTES
100
AcDbMText
 10
245845.3335220507
 20
9361636.904402914
 30
0.0
 40
2.4
 41
8.0
 71
1
  1
522
  0
MTEXT
  5
1C4
330
17
100
AcDbEntity
  8
EF-ID-LOTES
100
AcDbMText
 10
245861.3335220507
 20
9361646.613327432
 30
0.0
 40
2.4
 41
8.0
 71
1
  1
501
  0
MTEXT
  5
1C5
330
17
100
AcDbEntity
  8
EF-ID-LOTES
100
AcDbMText
 10
245861.3335220507
 20
9361636.904402914
 30
0.0
 40
2.4
 41
8.0
 71
1
  1
502
  0
MTEXT
  5
1C6
330
17
100
AcDbEntity
  8
EF-ID-LOTES
100
AcDbMText
 10
245845.3335220507
 20
9361627.404402914
 30
0.0
 40
2.4
 41
8.0
 71
1
  1
521
  0
MTEXT
  5
1C7
330
17
100
AcDbEntity
  8
EF-ID-LOTES
100
AcDbMText
 10
245861.3335220507
 20
9361627.404402914
 30
0.0
 40
2.4
 41
8.0
 71
1
  1
503
  0
MTEXT
  5
1C8
330
17
100
AcDbEntity
  8
EF-ID-LOTES
100
AcDbMText
 10
245845.3335220507
 20
9361617.904402914
 30
0.0
 40
2.4
 41
8.0
 71
1
  1
520
  0
MTEXT
  5
1C9
330
17
100
AcDbEntity
  8
EF-ID-LOTES
100
AcDbMText
 10
245861.3335220507
 20
9361617.904402914
 30
0.0
 40
2.4
 41
8.0
 71
1
  1
504
  0
MTEXT
  5
1CA
330
17
100
AcDbEntity
  8
EF-ID-LOTES
100
AcDbMText
 10
245845.3335220507
 20
9361608.404402914
 30
0.0
 40
2.4
 41
8.0
 71
1
  1
519
  0
MTEXT
  5
1CB
330
17
100
AcDbEntity
  8
EF-ID-LOTES
100
AcDbMText
 10
245861.3335220507
 20
9361608.404402914
 30
0.0
 40
2.4
 41
8.0
 71
1
  1
505
  0
MTEXT
  5
1CC
330
17
100
AcDbEntity
  8
EF-ID-LOTES
100
AcDbMText
 10
245845.3335220507
 20
9361598.904402914
 30
0.0
 40
2.4
 41
8.0
 71
1
  1
518
  0
MTEXT
  5
1CD
330
17
100
AcDbEntity
  8
EF-ID-LOTES
100
AcDbMText
 10
245861.3335220507
 20
9361598.904402914
 30
0.0
 40
2.4
 41
8.0
 71
1
  1
506
  0
MTEXT
  5
1CE
330
17
100
AcDbEntity
  8
EF-ID-LOTES
100
AcDbMText
 10
245845.3335220507
 20
9361589.404402914
 30
0.0
 40
2.4
 41
8.0
 71
1
  1
517
  0
MTEXT
  5
1CF
330
17
100
AcDbEntity
  8
EF-ID-LOTES
100
AcDbMText
 10
245861.3335220507
 20
9361589.404402914
 30
0.0
 40
2.4
 41
8.0
 71
1
  1
507
  0
MTEXT
  5
1D0
330
17
100
AcDbEntity
  8
EF-ID-LOTES
100
AcDbMText
 10
245845.3335220507
 20
9361579.904402914
 30
0.0
 40
2.4
 41
8.0
 71
1
  1
516
  0
MTEXT
  5
1D1
330
17
100
AcDbEntity
  8
EF-ID-LOTES
100
AcDbMText
 10
245861.3335220507
 20
9361579.904402914
 30
0.0
 40
2.4
 41
8.0
 71
1
  1
508
  0
MTEXT
  5
1D2
330
17
100
AcDbEntity
  8
EF-ID-LOTES
100
AcDbMText
 10
245845.3335220507
 20
9361570.404402914
 30
0.0
 40
2.4
 41
8.0
 71
1
  1
515
  0
MTEXT
  5
1D3
330
17
100
AcDbEntity
  8
EF-ID-LOTES
100
AcDbMText
 10
245861.3335220507
 20
9361570.404402914
 30
0.0
 40
2.4
 41
8.0
 71
1
  1
509
  0
MTEXT
  5
1D4
330
17
100
AcDbEntity
  8
EF-ID-LOTES
100
AcDbMText
 10
245845.3335220507
 20
9361560.904402914
 30
0.0
 40
2.4
 41
8.0
 71
1
  1
514
  0
MTEXT
  5
1D5
330
17
100
AcDbEntity
  8
EF-ID-LOTES
100
AcDbMText
 10
245861.3335220507
 20
9361560.904402914
 30
0.0
 40
2.4
 41
8.0
 71
1
  1
510
  0
MTEXT
  5
1D6
330
17
100
AcDbEntity
  8
EF-ID-LOTES
100
AcDbMText
 10
245845.3335220507
 20
9361551.404402914
 30
0.0
 40
2.4
 41
8.0
 71
1
  1
513
  0
TEXT
  5
1D7
330
17
100
AcDbEntity
  8
TXT_QDA
100
AcDbText
 10
245854.9726265242
 20
9361601.819134796
 30
0.0
 40
3.1
  1
Q-05
 50
359.8054861907996
 72
1
 11
245854.9726265242
 21
9361601.819134796
 31
0.0
100
AcDbText
 73
2
  0
LWPOLYLINE
  5
1D8
330
17
100
AcDbEntity
  8
TXT_QDA
100
AcDbPolyline
 90
2
 70
1
 10
245854.9878126983
 20
9361607.544164434
 42
72.06273229634084
 10
245855.3053861169
 20
9361607.534505827
  0
MTEXT
  5
1D9
330
17
100
AcDbEntity
  8
EF-ID-LOTES
100
AcDbMText
 10
245861.3335220507
 20
9361550.473664064
 30
0.0
 40
2.4
 41
8.0
 71
1
  1
511
  0
MTEXT
  5
1DA
330
17
100
AcDbEntity
  8
EF-ID-LOTES
100
AcDbMText
 10
245845.3335220507
 20
9361541.668468634
 30
0.0
 40
2.4
 41
8.0
 71
1
  1
512
  0
MTEXT
  5
1DB
330
17
100
AcDbEntity
  8
EF-ID-LOTES
100
AcDbMText
 10
245801.3335220507
 20
9361646.613327432
 30
0.0
 40
2.4
 41
8.0
 71
1
  1
627
  0
MTEXT
  5
1DC
330
17
100
AcDbEntity
  8
EF-ID-LOTES
100
AcDbMText
 10
245801.3335220507
 20
9361636.904402914
 30
0.0
 40
2.4
 41
8.0
 71
1
  1
626
  0
MTEXT
  5
1DD
330
17
100
AcDbEntity
  8
EF-ID-LOTES
100
AcDbMText
 10
245817.3335220507
 20
9361646.613327432
 30
0.0
 40
2.4
 41
8.0
 71
1
  1
601
  0
MTEXT
  5
1DE
330
17
100
AcDbEntity
  8
EF-ID-LOTES
100
AcDbMText
 10
245817.3335220507
 20
9361636.904402914
 30
0.0
 40
2.4
 41
8.0
 71
1
  1
602
  0
MTEXT
  5
1DF
330
17
100
AcDbEntity
  8
EF-ID-LOTES
100
AcDbMText
 10
245801.3335220507
 20
9361627.404402914
 30
0.0
 40
2.4
 41
8.0
 71
1
  1
625
  0
MTEXT
  5
1E0
330
17
100
AcDbEntity
  8
EF-ID-LOTES
100
AcDbMText
 10
245817.3335220507
 20
9361627.404402914
 30
0.0
 40
2.4
 41
8.0
 71
1
  1
603
  0
MTEXT
  5
1E1
330
17
100
AcDbEntity
  8
EF-ID-LOTES
100
AcDbMText
 10
245801.3335220507
 20
9361617.904402914
 30
0.0
 40
2.4
 41
8.0
 71
1
  1
624
  0
MTEXT
  5
1E2
330
17
100
AcDbEntity
  8
EF-ID-LOTES
100
AcDbMText
 10
245817.3335220507
 20
9361617.904402914
 30
0.0
 40
2.4
 41
8.0
 71
1
  1
604
  0
MTEXT
  5
1E3
330
17
100
AcDbEntity
  8
EF-ID-LOTES
100
AcDbMText
 10
245801.3335220507
 20
9361608.404402914
 30
0.0
 40
2.4
 41
8.0
 71
1
  1
623
  0
MTEXT
  5
1E4
330
17
100
AcDbEntity
  8
EF-ID-LOTES
100
AcDbMText
 10
245817.3335220507
 20
9361608.404402914
 30
0.0
 40
2.4
 41
8.0
 71
1
  1
605
  0
MTEXT
  5
1E5
330
17
100
AcDbEntity
  8
EF-ID-LOTES
100
AcDbMText
 10
245801.3335220507
 20
9361598.904402914
 30
0.0
 40
2.4
 41
8.0
 71
1
  1
622
  0
MTEXT
  5
1E6
330
17
100
AcDbEntity
  8
EF-ID-LOTES
100
AcDbMText
 10
245817.3335220507
 20
9361598.904402914
 30
0.0
 40
2.4
 41
8.0
 71
1
  1
606
  0
MTEXT
  5
1E7
330
17
100
AcDbEntity
  8
EF-ID-LOTES
100
AcDbMText
 10
245801.3335220507
 20
9361589.404402914
 30
0.0
 40
2.4
 41
8.0
 71
1
  1
621
  0
MTEXT
  5
1E8
330
17
100
AcDbEntity
  8
EF-ID-LOTES
100
AcDbMText
 10
245817.3335220507
 20
9361589.404402914
 30
0.0
 40
2.4
 41
8.0
 71
1
  1
607
  0
MTEXT
  5
1E9
330
17
100
AcDbEntity
  8
EF-ID-LOTES
100
AcDbMText
 10
245801.3335220507
 20
9361579.904402914
 30
0.0
 40
2.4
 41
8.0
 71
1
  1
620
  0
MTEXT
  5
1EA
330
17
100
AcDbEntity
  8
EF-ID-LOTES
100
AcDbMText
 10
245817.3335220507
 20
9361579.904402914
 30
0.0
 40
2.4
 41
8.0
 71
1
  1
608
  0
MTEXT
  5
1EB
330
17
100
AcDbEntity
  8
EF-ID-LOTES
100
AcDbMText
 10
245801.3335220507
 20
9361570.404402914
 30
0.0
 40
2.4
 41
8.0
 71
1
  1
619
  0
MTEXT
  5
1EC
330
17
100
AcDbEntity
  8
EF-ID-LOTES
100
AcDbMText
 10
245817.3335220507
 20
9361570.404402914
 30
0.0
 40
2.4
 41
8.0
 71
1
  1
609
  0
MTEXT
  5
1ED
330
17
100
AcDbEntity
  8
EF-ID-LOTES
100
AcDbMText
 10
245801.3335220507
 20
9361560.904402914
 30
0.0
 40
2.4
 41
8.0
 71
1
  1
618
  0
MTEXT
  5
1EE
330
17
100
AcDbEntity
  8
EF-ID-LOTES
100
AcDbMText
 10
245817.3335220507
 20
9361560.904402914
 30
0.0
 40
2.4
 41
8.0
 71
1
  1
610
  0
MTEXT
  5
1EF
330
17
100
AcDbEntity
  8
EF-ID-LOTES
100
AcDbMText
 10
245801.3335220507
 20
9361551.404402914
 30
0.0
 40
2.4
 41
8.0
 71
1
  1
617
  0
MTEXT
  5
1F0
330
17
100
AcDbEntity
  8
EF-ID-LOTES
100
AcDbMText
 10
245817.3335220507
 20
9361551.404402914
 30
0.0
 40
2.4
 41
8.0
 71
1
  1
611
  0
MTEXT
  5
1F1
330
17
100
AcDbEntity
  8
EF-ID-LOTES
100
AcDbMText
 10
245801.3335220507
 20
9361541.904402914
 30
0.0
 40
2.4
 41
8.0
 71
1
  1
616
  0
MTEXT
  5
1F2
330
17
100
AcDbEntity
  8
EF-ID-LOTES
100
AcDbMText
 10
245817.3335220507
 20
9361541.904402914
 30
0.0
 40
2.4
 41
8.0
 71
1
  1
612
  0
MTEXT
  5
1F3
330
17
100
AcDbEntity
  8
EF-ID-LOTES
100
AcDbMText
 10
245801.3335220507
 20
9361532.404402914
 30
0.0
 40
2.4
 41
8.0
 71
1
  1
615
  0
TEXT
  5
1F4
330
17
100
AcDbEntity
  8
TXT_QDA
100
AcDbText
 10
245810.9726265242
 20
9361601.819134796
 30
0.0
 40
3.1
  1
Q-06
 50
359.8054861907996
 72
1
 11
245810.9726265242
 21
9361601.819134796
 31
0.0
100
AcDbText
 73
2
  0
LWPOLYLINE
  5
1F5
330
17
100
AcDbEntity
  8
TXT_QDA
100
AcDbPolyline
 90
2
 70
1
 10
245810.9878126983
 20
9361607.544164434
 42
72.06273229634084
 10
245811.3053861169
 20
9361607.534505827
  0
MTEXT
  5
1F6
330
17
100
AcDbEntity
  8
EF-ID-LOTES
100
AcDbMText
 10
245817.3335220507
 20
9361530.038393917
 30
0.0
 40
2.4
 41
8.0
 71
1
  1
613
  0
MTEXT
  5
1F7
330
17
100
AcDbEntity
  8
EF-ID-LOTES
100
AcDbMText
 10
245801.3335220507
 20
9361521.2627025
 30
0.0
 40
2.4
 41
8.0
 71
1
  1
614
  0
MTEXT
  5
1F8
330
17
100
AcDbEntity
  8
EF-ID-LOTES
100
AcDbMText
 10
245757.3335220507
 20
9361657.613327432
 30
0.0
 40
2.4
 41
8.0
 71
1
  1
735
  0
MTEXT
  5
1F9
330
17
100
AcDbEntity
  8
EF-ID-LOTES
100
AcDbMText
 10
245757.3335220507
 20
9361647.904402914
 30
0.0
 40
2.4
 41
8.0
 71
1
  1
734
  0
MTEXT
  5
1FA
330
17
100
AcDbEntity
  8
EF-ID-LOTES
100
AcDbMText
 10
245773.3335220507
 20
9361657.613327432
 30
0.0
 40
2.4
 41
8.0
 71
1
  1
701
  0
MTEXT
  5
1FB
330
17
100
AcDbEntity
  8
EF-ID-LOTES
100
AcDbMText
 10
245773.3335220507
 20
9361647.904402914
 30
0.0
 40
2.4
 41
8.0
 71
1
  1
702
  0
MTEXT
  5
1FC
330
17
100
AcDbEntity
  8
EF-ID-LOTES
100
AcDbMText
 10
245757.3335220507
 20
9361638.404402914
 30
0.0
 40
2.4
 41
8.0
 71
1
  1
733
  0
MTEXT
  5
1FD
330
17
100
AcDbEntity
  8
EF-ID-LOTES
100
AcDbMText
 10
245773.3335220507
 20
9361638.404402914
 30
0.0
 40
2.4
 41
8.0
 71
1
  1
703
  0
MTEXT
  5
1FE
330
17
100
AcDbEntity
  8
EF-ID-LOTES
100
AcDbMText
 10
245757.3335220507
 20
9361628.904402914
 30
0.0
 40
2.4
 41
8.0
 71
1
  1
732
  0
MTEXT
  5
1FF
330
17
100
AcDbEntity
  8
EF-ID-LOTES
100
AcDbMText
 10
245773.3335220507
 20
9361628.904402914
 30
0.0
 40
2.4
 41
8.0
 71
1
  1
704
  0
MTEXT
  5
200
330
17
100
AcDbEntity
  8
EF-ID-LOTES
100
AcDbMText
 10
245757.3335220507
 20
9361619.404402914
 30
0.0
 40
2.4
 41
8.0
 71
1
  1
731
  0
MTEXT
  5
201
330
17
100
AcDbEntity
  8
EF-ID-LOTES
100
AcDbMText
 10
245773.3335220507
 20
9361619.404402914
 30
0.0
 40
2.4
 41
8.0
 71
1
  1
705
  0
MTEXT
  5
202
330
17
100
AcDbEntity
  8
EF-ID-LOTES
100
AcDbMText
 10
245757.3335220507
 20
9361609.904402914
 30
0.0
 40
2.4
 41
8.0
 71
1
  1
730
  0
MTEXT
  5
203
330
17
100
AcDbEntity
  8
EF-ID-LOTES
100
AcDbMText
 10
245773.3335220507
 20
9361609.904402914
 30
0.0
 40
2.4
 41
8.0
 71
1
  1
706
  0
MTEXT
  5
204
330
17
100
AcDbEntity
  8
EF-ID-LOTES
100
AcDbMText
 10
245757.3335220507
 20
9361600.404402914
 30
0.0
 40
2.4
 41
8.0
 71
1
  1
729
  0
MTEXT
  5
205
330
17
100
AcDbEntity
  8
EF-ID-LOTES
100
AcDbMText
 10
245773.3335220507
 20
9361600.404402914
 30
0.0
 40
2.4
 41
8.0
 71
1
  1
707
  0
MTEXT
  5
206
330
17
100
AcDbEntity
  8
EF-ID-LOTES
100
AcDbMText
 10
245757.3335220507
 20
9361590.904402914
 30
0.0
 40
2.4
 41
8.0
 71
1
  1
728
  0
MTEXT
  5
207
330
17
100
AcDbEntity
  8
EF-ID-LOTES
100
AcDbMText
 10
245773.3335220507
 20
9361590.904402914
 30
0.0
 40
2.4
 41
8.0
 71
1
  1
708
  0
MTEXT
  5
208
330
17
100
AcDbEntity
  8
EF-ID-LOTES
100
AcDbMText
 10
245757.3335220507
 20
9361581.404402914
 30
0.0
 40
2.4
 41
8.0
 71
1
  1
727
  0
MTEXT
  5
209
330
17
100
AcDbEntity
  8
EF-ID-LOTES
100
AcDbMText
 10
245773.3335220507
 20
9361581.404402914
 30
0.0
 40
2.4
 41
8.0
 71
1
  1
709
  0
MTEXT
  5
20A
330
17
100
AcDbEntity
  8
EF-ID-LOTES
100
AcDbMText
 10
245757.3335220507
 20
9361571.904402914
 30
0.0
 40
2.4
 41
8.0
 71
1
  1
726
  0
MTEXT
  5
20B
330
17
100
AcDbEntity
  8
EF-ID-LOTES
100
AcDbMText
 10
245773.3335220507
 20
9361571.904402914
 30
0.0
 40
2.4
 41
8.0
 71
1
  1
710
  0
MTEXT
  5
20C
330
17
100
AcDbEntity
  8
EF-ID-LOTES
100
AcDbMText
 10
245757.3335220507
 20
9361562.404402914
 30
0.0
 40
2.4
 41
8.0
 71
1
  1
725
  0
MTEXT
  5
20D
330
17
100
AcDbEntity
  8
EF-ID-LOTES
100
AcDbMText
 10
245773.3335220507
 20
9361562.404402914
 30
0.0
 40
2.4
 41
8.0
 71
1
  1
711
  0
MTEXT
  5
20E
330
17
100
AcDbEntity
  8
EF-ID-LOTES
100
AcDbMText
 10
245757.3335220507
 20
9361552.904402914
 30
0.0
 40
2.4
 41
8.0
 71
1
  1
724
  0
MTEXT
  5
20F
330
17
100
AcDbEntity
  8
EF-ID-LOTES
100
AcDbMText
 10
245773.3335220507
 20
9361552.904402914
 30
0.0
 40
2.4
 41
8.0
 71
1
  1
712
  0
MTEXT
  5
210
330
17
100
AcDbEntity
  8
EF-ID-LOTES
100
AcDbMText
 10
245757.3335220507
 20
9361543.404402914
 30
0.0
 40
2.4
 41
8.0
 71
1
  1
723
  0
MTEXT
  5
211
330
17
100
AcDbEntity
  8
EF-ID-LOTES
100
AcDbMText
 10
245773.3335220507
 20
9361543.404402914
 30
0.0
 40
2.4
 41
8.0
 71
1
  1
713
  0
MTEXT
  5
212
330
17
100
AcDbEntity
  8
EF-ID-LOTES
100
AcDbMText
 10
245757.3335220507
 20
9361533.904402914
 30
0.0
 40
2.4
 41
8.0
 71
1
  1
722
  0
MTEXT
  5
213
330
17
100
AcDbEntity
  8
EF-ID-LOTES
100
AcDbMText
 10
245773.3335220507
 20
9361533.904402914
 30
0.0
 40
2.4
 41
8.0
 71
1
  1
714
  0
MTEXT
  5
214
330
17
100
AcDbEntity
  8
EF-ID-LOTES
100
AcDbMText
 10
245757.3335220507
 20
9361524.404402914
 30
0.0
 40
2.4
 41
8.0
 71
1
  1
721
  0
MTEXT
  5
215
330
17
100
AcDbEntity
  8
EF-ID-LOTES
100
AcDbMText
 10
245773.3335220507
 20
9361524.404402914
 30
0.0
 40
2.4
 41
8.0
 71
1
  1
715
  0
MTEXT
  5
216
330
17
100
AcDbEntity
  8
EF-ID-LOTES
100
AcDbMText
 10
245757.3335220507
 20
9361514.904402914
 30
0.0
 40
2.4
 41
8.0
 71
1
  1
720
  0
MTEXT
  5
217
330
17
100
AcDbEntity
  8
EF-ID-LOTES
100
AcDbMText
 10
245773.3335220507
 20
9361514.904402914
 30
0.0
 40
2.4
 41
8.0
 71
1
  1
716
  0
MTEXT
  5
218
330
17
100
AcDbEntity
  8
EF-ID-LOTES
100
AcDbMText
 10
245757.3335220507
 20
9361505.404402914
 30
0.0
 40
2.4
 41
8.0
 71
1
  1
719
  0
TEXT
  5
219
330
17
100
AcDbEntity
  8
TXT_QDA
100
AcDbText
 10
245766.9726265242
 20
9361603.319134796
 30
0.0
 40
3.1
  1
Q-07
 50
359.8054861907996
 72
1
 11
245766.9726265242
 21
9361603.319134796
 31
0.0
100
AcDbText
 73
2
  0
LWPOLYLINE
  5
21A
330
17
100
AcDbEntity
  8
TXT_QDA
100
AcDbPolyline
 90
2
 70
1
 10
245766.9878126984
 20
9361609.044164434
 42
72.06273229928755
 10
245767.3053861169
 20
9361609.034505827
  0
MTEXT
  5
21B
330
17
100
AcDbEntity
  8
EF-ID-LOTES
100
AcDbMText
 10
245773.3335220507
 20
9361505.032963015
 30
0.0
 40
2.4
 41
8.0
 71
1
  1
717
  0
MTEXT
  5
21C
330
17
100
AcDbEntity
  8
EF-ID-LOTES
100
AcDbMText
 10
245757.3335220507
 20
9361495.933823759
 30
0.0
 40
2.4
 41
8.0
 71
1
  1
718
  0
MTEXT
  5
21D
330
17
100
AcDbEntity
  8
EF-ID-LOTES
100
AcDbMText
 10
245713.3335220507
 20
9361657.613327432
 30
0.0
 40
2.4
 41
8.0
 71
1
  1
839
  0
MTEXT
  5
21E
330
17
100
AcDbEntity
  8
EF-ID-LOTES
100
AcDbMText
 10
245713.3335220507
 20
9361647.904402914
 30
0.0
 40
2.4
 41
8.0
 71
1
  1
838
  0
MTEXT
  5
21F
330
17
100
AcDbEntity
  8
EF-ID-LOTES
100
AcDbMText
 10
245729.3335220507
 20
9361657.613327432
 30
0.0
 40
2.4
 41
8.0
 71
1
  1
801
  0
MTEXT
  5
220
330
17
100
AcDbEntity
  8
EF-ID-LOTES
100
AcDbMText
 10
245729.3335220507
 20
9361647.904402914
 30
0.0
 40
2.4
 41
8.0
 71
1
  1
802
  0
MTEXT
  5
221
330
17
100
AcDbEntity
  8
EF-ID-LOTES
100
AcDbMText
 10
245713.3335220507
 20
9361638.404402914
 30
0.0
 40
2.4
 41
8.0
 71
1
  1
837
  0
MTEXT
  5
222
330
17
100
AcDbEntity
  8
EF-ID-LOTES
100
AcDbMText
 10
245729.3335220507
 20
9361638.404402914
 30
0.0
 40
2.4
 41
8.0
 71
1
  1
803
  0
MTEXT
  5
223
330
17
100
AcDbEntity
  8
EF-ID-LOTES
100
AcDbMText
 10
245713.3335220507
 20
9361628.904402914
 30
0.0
 40
2.4
 41
8.0
 71
1
  1
836
  0
MTEXT
  5
224
330
17
100
AcDbEntity
  8
EF-ID-LOTES
100
AcDbMText
 10
245729.3335220507
 20
9361628.904402914
 30
0.0
 40
2.4
 41
8.0
 71
1
  1
804
  0
MTEXT
  5
225
330
17
100
AcDbEntity
  8
EF-ID-LOTES
100
AcDbMText
 10
245713.3335220507
 20
9361619.404402914
 30
0.0
 40
2.4
 41
8.0
 71
1
  1
835
  0
MTEXT
  5
226
330
17
100
AcDbEntity
  8
EF-ID-LOTES
100
AcDbMText
 10
245729.3335220507
 20
9361619.404402914
 30
0.0
 40
2.4
 41
8.0
 71
1
  1
805
  0
MTEXT
  5
227
330
17
100
AcDbEntity
  8
EF-ID-LOTES
100
AcDbMText
 10
245713.3335220507
 20
9361609.904402914
 30
0.0
 40
2.4
 41
8.0
 71
1
  1
834
  0
MTEXT
  5
228
330
17
100
AcDbEntity
  8
EF-ID-LOTES
100
AcDbMText
 10
245729.3335220507
 20
9361609.904402914
 30
0.0
 40
2.4
 41
8.0
 71
1
  1
806
  0
MTEXT
  5
229
330
17
100
AcDbEntity
  8
EF-ID-LOTES
100
AcDbMText
 10
245713.3335220507
 20
9361600.404402914
 30
0.0
 40
2.4
 41
8.0
 71
1
  1
833
  0
MTEXT
  5
22A
330
17
100
AcDbEntity
  8
EF-ID-LOTES
100
AcDbMText
 10
245729.3335220507
 20
9361600.404402914
 30
0.0
 40
2.4
 41
8.0
 71
1
  1
807
  0
MTEXT
  5
22B
330
17
100
AcDbEntity
  8
EF-ID-LOTES
100
AcDbMText
 10
245713.3335220507
 20
9361590.904402914
 30
0.0
 40
2.4
 41
8.0
 71
1
  1
832
  0
MTEXT
  5
22C
330
17
100
AcDbEntity
  8
EF-ID-LOTES
100
AcDbMText
 10
245729.3335220507
 20
9361590.904402914
 30
0.0
 40
2.4
 41
8.0
 71
1
  1
808
  0
MTEXT
  5
22D
330
17
100
AcDbEntity
  8
EF-ID-LOTES
100
AcDbMText
 10
245713.3335220507
 20
9361581.404402914
 30
0.0
 40
2.4
 41
8.0
 71
1
  1
831
  0
MTEXT
  5
22E
330
17
100
AcDbEntity
  8
EF-ID-LOTES
100
AcDbMText
 10
245729.3335220507
 20
9361581.404402914
 30
0.0
 40
2.4
 41
8.0
 71
1
  1
809
  0
MTEXT
  5
22F
330
17
100
AcDbEntity
  8
EF-ID-LOTES
100
AcDbMText
 10
245713.3335220507
 20
9361571.904402914
 30
0.0
 40
2.4
 41
8.0
 71
1
  1
830
  0
MTEXT
  5
230
330
17
100
AcDbEntity
  8
EF-ID-LOTES
100
AcDbMText
 10
245729.3335220507
 20
9361571.904402914
 30
0.0
 40
2.4
 41
8.0
 71
1
  1
810
  0
MTEXT
  5
231
330
17
100
AcDbEntity
  8
EF-ID-LOTES
100
AcDbMText
 10
245713.3335220507
 20
9361562.404402914
 30
0.0
 40
2.4
 41
8.0
 71
1
  1
829
  0
MTEXT
  5
232
330
17
100
AcDbEntity
  8
EF-ID-LOTES
100
AcDbMText
 10
245729.3335220507
 20
9361562.404402914
 30
0.0
 40
2.4
 41
8.0
 71
1
  1
811
  0
MTEXT
  5
233
330
17
100
AcDbEntity
  8
EF-ID-LOTES
100
AcDbMText
 10
245713.3335220507
 20
9361552.904402914
 30
0.0
 40
2.4
 41
8.0
 71
1
  1
828
  0
MTEXT
  5
234
330
17
100
AcDbEntity
  8
EF-ID-LOTES
100
AcDbMText
 10
245729.3335220507
 20
9361552.904402914
 30
0.0
 40
2.4
 41
8.0
 71
1
  1
812
  0
MTEXT
  5
235
330
17
100
AcDbEntity
  8
EF-ID-LOTES
100
AcDbMText
 10
245713.3335220507
 20
9361543.404402914
 30
0.0
 40
2.4
 41
8.0
 71
1
  1
827
  0
MTEXT
  5
236
330
17
100
AcDbEntity
  8
EF-ID-LOTES
100
AcDbMText
 10
245729.3335220507
 20
9361543.404402914
 30
0.0
 40
2.4
 41
8.0
 71
1
  1
813
  0
MTEXT
  5
237
330
17
100
AcDbEntity
  8
EF-ID-LOTES
100
AcDbMText
 10
245713.3335220507
 20
9361533.904402914
 30
0.0
 40
2.4
 41
8.0
 71
1
  1
826
  0
MTEXT
  5
238
330
17
100
AcDbEntity
  8
EF-ID-LOTES
100
AcDbMText
 10
245729.3335220507
 20
9361533.904402914
 30
0.0
 40
2.4
 41
8.0
 71
1
  1
814
  0
MTEXT
  5
239
330
17
100
AcDbEntity
  8
EF-ID-LOTES
100
AcDbMText
 10
245713.3335220507
 20
9361524.404402914
 30
0.0
 40
2.4
 41
8.0
 71
1
  1
825
  0
MTEXT
  5
23A
330
17
100
AcDbEntity
  8
EF-ID-LOTES
100
AcDbMText
 10
245729.3335220507
 20
9361524.404402914
 30
0.0
 40
2.4
 41
8.0
 71
1
  1
815
  0
MTEXT
  5
23B
330
17
100
AcDbEntity
  8
EF-ID-LOTES
100
AcDbMText
 10
245713.3335220507
 20
9361514.904402914
 30
0.0
 40
2.4
 41
8.0
 71
1
  1
824
  0
MTEXT
  5
23C
330
17
100
AcDbEntity
  8
EF-ID-LOTES
100
AcDbMText
 10
245729.3335220507
 20
9361514.904402914
 30
0.0
 40
2.4
 41
8.0
 71
1
  1
816
  0
MTEXT
  5
23D
330
17
100
AcDbEntity
  8
EF-ID-LOTES
100
AcDbMText
 10
245713.3335220507
 20
9361505.404402914
 30
0.0
 40
2.4
 41
8.0
 71
1
  1
823
  0
MTEXT
  5
23E
330
17
100
AcDbEntity
  8
EF-ID-LOTES
100
AcDbMText
 10
245729.3335220507
 20
9361505.404402914
 30
0.0
 40
2.4
 41
8.0
 71
1
  1
817
  0
MTEXT
  5
23F
330
17
100
AcDbEntity
  8
EF-ID-LOTES
100
AcDbMText
 10
245713.3335220507
 20
9361495.904402914
 30
0.0
 40
2.4
 41
8.0
 71
1
  1
822
  0
MTEXT
  5
240
330
17
100
AcDbEntity
  8
EF-ID-LOTES
100
AcDbMText
 10
245729.3335220507
 20
9361495.904402914
 30
0.0
 40
2.4
 41
8.0
 71
1
  1
818
  0
MTEXT
  5
241
330
17
100
AcDbEntity
  8
EF-ID-LOTES
100
AcDbMText
 10
245729.3335220507
 20
9361484.597380292
 30
0.0
 40
2.4
 41
8.0
 71
1
  1
819
  0
MTEXT
  5
242
330
17
100
AcDbEntity
  8
EF-ID-LOTES
100
AcDbMText
 10
245713.3335220507
 20
9361486.288101738
 30
0.0
 40
2.4
 41
8.0
 71
1
  1
821
  0
TEXT
  5
243
330
17
100
AcDbEntity
  8
TXT_QDA
100
AcDbText
 10
245722.9726265242
 20
9361603.319134796
 30
0.0
 40
3.1
  1
Q-08
 50
359.8054861907996
 72
1
 11
245722.9726265242
 21
9361603.319134796
 31
0.0
100
AcDbText
 73
2
  0
LWPOLYLINE
  5
244
330
17
100
AcDbEntity
  8
TXT_QDA
100
AcDbPolyline
 90
2
 70
1
 10
245722.9878126984
 20
9361609.044164434
 42
72.06273229928755
 10
245723.3053861169
 20
9361609.034505827
  0
MTEXT
  5
245
330
17
100
AcDbEntity
  8
EF-ID-LOTES
100
AcDbMText
 10
245669.3335220507
 20
9361657.613327432
 30
0.0
 40
2.4
 41
8.0
 71
1
  1
943
  0
MTEXT
  5
246
330
17
100
AcDbEntity
  8
EF-ID-LOTES
100
AcDbMText
 10
245669.3335220507
 20
9361647.904402914
 30
0.0
 40
2.4
 41
8.0
 71
1
  1
942
  0
MTEXT
  5
247
330
17
100
AcDbEntity
  8
EF-ID-LOTES
100
AcDbMText
 10
245685.3335220507
 20
9361657.613327432
 30
0.0
 40
2.4
 41
8.0
 71
1
  1
901
  0
MTEXT
  5
248
330
17
100
AcDbEntity
  8
EF-ID-LOTES
100
AcDbMText
 10
245685.3335220507
 20
9361647.904402914
 30
0.0
 40
2.4
 41
8.0
 71
1
  1
902
  0
MTEXT
  5
249
330
17
100
AcDbEntity
  8
EF-ID-LOTES
100
AcDbMText
 10
245669.3335220507
 20
9361638.404402914
 30
0.0
 40
2.4
 41
8.0
 71
1
  1
941
  0
MTEXT
  5
24A
330
17
100
AcDbEntity
  8
EF-ID-LOTES
100
AcDbMText
 10
245685.3335220507
 20
9361638.404402914
 30
0.0
 40
2.4
 41
8.0
 71
1
  1
903
  0
MTEXT
  5
24B
330
17
100
AcDbEntity
  8
EF-ID-LOTES
100
AcDbMText
 10
245669.3335220507
 20
9361628.904402914
 30
0.0
 40
2.4
 41
8.0
 71
1
  1
940
  0
MTEXT
  5
24C
330
17
100
AcDbEntity
  8
EF-ID-LOTES
100
AcDbMText
 10
245685.3335220507
 20
9361628.904402914
 30
0.0
 40
2.4
 41
8.0
 71
1
  1
904
  0
MTEXT
  5
24D
330
17
100
AcDbEntity
  8
EF-ID-LOTES
100
AcDbMText
 10
245669.3335220507
 20
9361619.404402914
 30
0.0
 40
2.4
 41
8.0
 71
1
  1
939
  0
MTEXT
  5
24E
330
17
100
AcDbEntity
  8
EF-ID-LOTES
100
AcDbMText
 10
245685.3335220507
 20
9361619.404402914
 30
0.0
 40
2.4
 41
8.0
 71
1
  1
905
  0
MTEXT
  5
24F
330
17
100
AcDbEntity
  8
EF-ID-LOTES
100
AcDbMText
 10
245669.3335220507
 20
9361609.904402914
 30
0.0
 40
2.4
 41
8.0
 71
1
  1
938
  0
MTEXT
  5
250
330
17
100
AcDbEntity
  8
EF-ID-LOTES
100
AcDbMText
 10
245685.3335220507
 20
9361609.904402914
 30
0.0
 40
2.4
 41
8.0
 71
1
  1
906
  0
MTEXT
  5
251
330
17
100
AcDbEntity
  8
EF-ID-LOTES
100
AcDbMText
 10
245669.3335220507
 20
9361600.404402914
 30
0.0
 40
2.4
 41
8.0
 71
1
  1
937
  0
MTEXT
  5
252
330
17
100
AcDbEntity
  8
EF-ID-LOTES
100
AcDbMText
 10
245685.3335220507
 20
9361600.404402914
 30
0.0
 40
2.4
 41
8.0
 71
1
  1
907
  0
MTEXT
  5
253
330
17
100
AcDbEntity
  8
EF-ID-LOTES
100
AcDbMText
 10
245669.3335220507
 20
9361590.904402914
 30
0.0
 40
2.4
 41
8.0
 71
1
  1
936
  0
MTEXT
  5
254
330
17
100
AcDbEntity
  8
EF-ID-LOTES
100
AcDbMText
 10
245685.3335220507
 20
9361590.904402914
 30
0.0
 40
2.4
 41
8.0
 71
1
  1
908
  0
MTEXT
  5
255
330
17
100
AcDbEntity
  8
EF-ID-LOTES
100
AcDbMText
 10
245669.3335220507
 20
9361581.404402914
 30
0.0
 40
2.4
 41
8.0
 71
1
  1
935
  0
MTEXT
  5
256
330
17
100
AcDbEntity
  8
EF-ID-LOTES
100
AcDbMText
 10
245685.3335220507
 20
9361581.404402914
 30
0.0
 40
2.4
 41
8.0
 71
1
  1
909
  0
MTEXT
  5
257
330
17
100
AcDbEntity
  8
EF-ID-LOTES
100
AcDbMText
 10
245669.3335220507
 20
9361571.904402914
 30
0.0
 40
2.4
 41
8.0
 71
1
  1
934
  0
MTEXT
  5
258
330
17
100
AcDbEntity
  8
EF-ID-LOTES
100
AcDbMText
 10
245685.3335220507
 20
9361571.904402914
 30
0.0
 40
2.4
 41
8.0
 71
1
  1
910
  0
MTEXT
  5
259
330
17
100
AcDbEntity
  8
EF-ID-LOTES
100
AcDbMText
 10
245669.3335220507
 20
9361562.404402914
 30
0.0
 40
2.4
 41
8.0
 71
1
  1
933
  0
MTEXT
  5
25A
330
17
100
AcDbEntity
  8
EF-ID-LOTES
100
AcDbMText
 10
245685.3335220507
 20
9361562.404402914
 30
0.0
 40
2.4
 41
8.0
 71
1
  1
911
  0
MTEXT
  5
25B
330
17
100
AcDbEntity
  8
EF-ID-LOTES
100
AcDbMText
 10
245669.3335220507
 20
9361552.904402914
 30
0.0
 40
2.4
 41
8.0
 71
1
  1
932
  0
MTEXT
  5
25C
330
17
100
AcDbEntity
  8
EF-ID-LOTES
100
AcDbMText
 10
245685.3335220507
 20
9361552.904402914
 30
0.0
 40
2.4
 41
8.0
 71
1
  1
912
  0
MTEXT
  5
25D
330
17
100
AcDbEntity
  8
EF-ID-LOTES
100
AcDbMText
 10
245669.3335220507
 20
9361543.404402914
 30
0.0
 40
2.4
 41
8.0
 71
1
  1
931
  0
MTEXT
  5
25E
330
17
100
AcDbEntity
  8
EF-ID-LOTES
100
AcDbMText
 10
245685.3335220507
 20
9361543.404402914
 30
0.0
 40
2.4
 41
8.0
 71
1
  1
913
  0
MTEXT
  5
25F
330
17
100
AcDbEntity
  8
EF-ID-LOTES
100
AcDbMText
 10
245669.3335220507
 20
9361533.904402914
 30
0.0
 40
2.4
 41
8.0
 71
1
  1
930
  0
MTEXT
  5
260
330
17
100
AcDbEntity
  8
EF-ID-LOTES
100
AcDbMText
 10
245685.3335220507
 20
9361533.904402914
 30
0.0
 40
2.4
 41
8.0
 71
1
  1
914
  0
MTEXT
  5
261
330
17
100
AcDbEntity
  8
EF-ID-LOTES
100
AcDbMText
 10
245669.3335220507
 20
9361524.404402914
 30
0.0
 40
2.4
 41
8.0
 71
1
  1
929
  0
MTEXT
  5
262
330
17
100
AcDbEntity
  8
EF-ID-LOTES
100
AcDbMText
 10
245685.3335220507
 20
9361524.404402914
 30
0.0
 40
2.4
 41
8.0
 71
1
  1
915
  0
MTEXT
  5
263
330
17
100
AcDbEntity
  8
EF-ID-LOTES
100
AcDbMText
 10
245669.3335220507
 20
9361514.904402914
 30
0.0
 40
2.4
 41
8.0
 71
1
  1
928
  0
MTEXT
  5
264
330
17
100
AcDbEntity
  8
EF-ID-LOTES
100
AcDbMText
 10
245685.3335220507
 20
9361514.904402914
 30
0.0
 40
2.4
 41
8.0
 71
1
  1
916
  0
MTEXT
  5
265
330
17
100
AcDbEntity
  8
EF-ID-LOTES
100
AcDbMText
 10
245669.3335220507
 20
9361505.404402914
 30
0.0
 40
2.4
 41
8.0
 71
1
  1
927
  0
MTEXT
  5
266
330
17
100
AcDbEntity
  8
EF-ID-LOTES
100
AcDbMText
 10
245685.3335220507
 20
9361505.404402914
 30
0.0
 40
2.4
 41
8.0
 71
1
  1
917
  0
MTEXT
  5
267
330
17
100
AcDbEntity
  8
EF-ID-LOTES
100
AcDbMText
 10
245669.3335220507
 20
9361495.904402914
 30
0.0
 40
2.4
 41
8.0
 71
1
  1
926
  0
MTEXT
  5
268
330
17
100
AcDbEntity
  8
EF-ID-LOTES
100
AcDbMText
 10
245685.3335220507
 20
9361495.904402914
 30
0.0
 40
2.4
 41
8.0
 71
1
  1
918
  0
MTEXT
  5
269
330
17
100
AcDbEntity
  8
EF-ID-LOTES
100
AcDbMText
 10
245669.3335220507
 20
9361486.404402914
 30
0.0
 40
2.4
 41
8.0
 71
1
  1
925
  0
MTEXT
  5
26A
330
17
100
AcDbEntity
  8
EF-ID-LOTES
100
AcDbMText
 10
245685.3335220507
 20
9361486.404402914
 30
0.0
 40
2.4
 41
8.0
 71
1
  1
919
  0
MTEXT
  5
26B
330
17
100
AcDbEntity
  8
EF-ID-LOTES
100
AcDbMText
 10
245669.3335220507
 20
9361476.904402914
 30
0.0
 40
2.4
 41
8.0
 71
1
  1
924
  0
MTEXT
  5
26C
330
17
100
AcDbEntity
  8
EF-ID-LOTES
100
AcDbMText
 10
245685.3335220507
 20
9361476.904402914
 30
0.0
 40
2.4
 41
8.0
 71
1
  1
920
  0
MTEXT
  5
26D
330
17
100
AcDbEntity
  8
EF-ID-LOTES
100
AcDbMText
 10
245669.3335220507
 20
9361467.404402914
 30
0.0
 40
2.4
 41
8.0
 71
1
  1
923
  0
MTEXT
  5
26E
330
17
100
AcDbEntity
  8
EF-ID-LOTES
100
AcDbMText
 10
245685.3335220507
 20
9361464.159842463
 30
0.0
 40
2.4
 41
8.0
 71
1
  1
921
  0
MTEXT
  5
26F
330
17
100
AcDbEntity
  8
EF-ID-LOTES
100
AcDbMText
 10
245624.8175526436
 20
9361475.804402914
 30
0.0
 40
2.4
 41
8.0
 71
1
  1
1012
  0
MTEXT
  5
270
330
17
100
AcDbEntity
  8
EF-ID-LOTES
100
AcDbMText
 10
245640.7718775993
 20
9361475.804402914
 30
0.0
 40
2.4
 41
8.0
 71
1
  1
1007
  0
MTEXT
  5
271
330
17
100
AcDbEntity
  8
EF-ID-LOTES
100
AcDbMText
 10
245624.8175526436
 20
9361466.304402914
 30
0.0
 40
2.4
 41
8.0
 71
1
  1
1011
  0
MTEXT
  5
272
330
17
100
AcDbEntity
  8
EF-ID-LOTES
100
AcDbMText
 10
245640.7718775993
 20
9361466.304402914
 30
0.0
 40
2.4
 41
8.0
 71
1
  1
1008
  0
TEXT
  5
273
330
17
100
AcDbEntity
  8
TXT_QDA
100
AcDbText
 10
245678.9726265242
 20
9361603.319134796
 30
0.0
 40
3.1
  1
Q-09
 50
359.8054861907996
 72
1
 11
245678.9726265242
 21
9361603.319134796
 31
0.0
100
AcDbText
 73
2
  0
LWPOLYLINE
  5
274
330
17
100
AcDbEntity
  8
TXT_QDA
100
AcDbPolyline
 90
2
 70
1
 10
245678.9878126984
 20
9361609.044164434
 42
72.06273229928755
 10
245679.3053861169
 20
9361609.034505827
  0
MTEXT
  5
275
330
17
100
AcDbEntity
  8
EF-ID-LOTES
100
AcDbMText
 10
245713.3335220507
 20
9361475.67787532
 30
0.0
 40
2.4
 41
8.0
 71
1
  1
820
  0
MTEXT
  5
276
330
17
100
AcDbEntity
  8
EF-ID-LOTES
100
AcDbMText
 10
245669.3335220507
 20
9361457.348567467
 30
0.0
 40
2.4
 41
8.0
 71
1
  1
922
  0
MTEXT
  5
277
330
17
100
AcDbEntity
  8
EF-ID-LOTES
100
AcDbMText
 10
245640.7718775993
 20
9361456.527868077
 30
0.0
 40
2.4
 41
8.0
 71
1
  1
1009
  0
MTEXT
  5
278
330
17
100
AcDbEntity
  8
EF-ID-LOTES
100
AcDbMText
 10
245624.8175526436
 20
9361456.576653287
 30
0.0
 40
2.4
 41
8.0
 71
1
  1
1010
  0
MTEXT
  5
279
330
17
100
AcDbEntity
  8
EF-ID-LOTES
100
AcDbMText
 10
245580.6223613769
 20
9361657.613327432
 30
0.0
 40
2.4
 41
8.0
 71
1
  1
1144
  0
MTEXT
  5
27A
330
17
100
AcDbEntity
  8
EF-ID-LOTES
100
AcDbMText
 10
245580.6223613769
 20
9361647.904402914
 30
0.0
 40
2.4
 41
8.0
 71
1
  1
1143
  0
MTEXT
  5
27B
330
17
100
AcDbEntity
  8
EF-ID-LOTES
100
AcDbMText
 10
245596.7618017565
 20
9361657.613327432
 30
0.0
 40
2.4
 41
8.0
 71
1
  1
1101
  0
MTEXT
  5
27C
330
17
100
AcDbEntity
  8
EF-ID-LOTES
100
AcDbMText
 10
245596.7618017565
 20
9361647.904402914
 30
0.0
 40
2.4
 41
8.0
 71
1
  1
1102
  0
MTEXT
  5
27D
330
17
100
AcDbEntity
  8
EF-ID-LOTES
100
AcDbMText
 10
245580.6223613769
 20
9361638.404402914
 30
0.0
 40
2.4
 41
8.0
 71
1
  1
1142
  0
MTEXT
  5
27E
330
17
100
AcDbEntity
  8
EF-ID-LOTES
100
AcDbMText
 10
245596.7618017565
 20
9361638.404402914
 30
0.0
 40
2.4
 41
8.0
 71
1
  1
1103
  0
MTEXT
  5
27F
330
17
100
AcDbEntity
  8
EF-ID-LOTES
100
AcDbMText
 10
245580.6223613769
 20
9361628.904402914
 30
0.0
 40
2.4
 41
8.0
 71
1
  1
1141
  0
MTEXT
  5
280
330
17
100
AcDbEntity
  8
EF-ID-LOTES
100
AcDbMText
 10
245596.7618017565
 20
9361628.904402914
 30
0.0
 40
2.4
 41
8.0
 71
1
  1
1104
  0
MTEXT
  5
281
330
17
100
AcDbEntity
  8
EF-ID-LOTES
100
AcDbMText
 10
245580.6223613769
 20
9361619.404402914
 30
0.0
 40
2.4
 41
8.0
 71
1
  1
1140
  0
MTEXT
  5
282
330
17
100
AcDbEntity
  8
EF-ID-LOTES
100
AcDbMText
 10
245596.7618017565
 20
9361619.404402914
 30
0.0
 40
2.4
 41
8.0
 71
1
  1
1105
  0
MTEXT
  5
283
330
17
100
AcDbEntity
  8
EF-ID-LOTES
100
AcDbMText
 10
245580.6223613769
 20
9361609.904402914
 30
0.0
 40
2.4
 41
8.0
 71
1
  1
1139
  0
MTEXT
  5
284
330
17
100
AcDbEntity
  8
EF-ID-LOTES
100
AcDbMText
 10
245596.7618017565
 20
9361609.904402914
 30
0.0
 40
2.4
 41
8.0
 71
1
  1
1106
  0
MTEXT
  5
285
330
17
100
AcDbEntity
  8
EF-ID-LOTES
100
AcDbMText
 10
245580.6223613769
 20
9361600.404402914
 30
0.0
 40
2.4
 41
8.0
 71
1
  1
1138
  0
MTEXT
  5
286
330
17
100
AcDbEntity
  8
EF-ID-LOTES
100
AcDbMText
 10
245596.7618017565
 20
9361600.404402914
 30
0.0
 40
2.4
 41
8.0
 71
1
  1
1107
  0
MTEXT
  5
287
330
17
100
AcDbEntity
  8
EF-ID-LOTES
100
AcDbMText
 10
245580.6223613769
 20
9361590.904402914
 30
0.0
 40
2.4
 41
8.0
 71
1
  1
1137
  0
MTEXT
  5
288
330
17
100
AcDbEntity
  8
EF-ID-LOTES
100
AcDbMText
 10
245596.7618017565
 20
9361590.904402914
 30
0.0
 40
2.4
 41
8.0
 71
1
  1
1108
  0
MTEXT
  5
289
330
17
100
AcDbEntity
  8
EF-ID-LOTES
100
AcDbMText
 10
245580.6223613769
 20
9361581.404402914
 30
0.0
 40
2.4
 41
8.0
 71
1
  1
1136
  0
MTEXT
  5
28A
330
17
100
AcDbEntity
  8
EF-ID-LOTES
100
AcDbMText
 10
245596.7618017565
 20
9361581.404402914
 30
0.0
 40
2.4
 41
8.0
 71
1
  1
1109
  0
MTEXT
  5
28B
330
17
100
AcDbEntity
  8
EF-ID-LOTES
100
AcDbMText
 10
245580.6223613769
 20
9361571.904402914
 30
0.0
 40
2.4
 41
8.0
 71
1
  1
1135
  0
MTEXT
  5
28C
330
17
100
AcDbEntity
  8
EF-ID-LOTES
100
AcDbMText
 10
245596.7618017565
 20
9361571.904402914
 30
0.0
 40
2.4
 41
8.0
 71
1
  1
1110
  0
MTEXT
  5
28D
330
17
100
AcDbEntity
  8
EF-ID-LOTES
100
AcDbMText
 10
245580.6223613769
 20
9361562.404402914
 30
0.0
 40
2.4
 41
8.0
 71
1
  1
1134
  0
MTEXT
  5
28E
330
17
100
AcDbEntity
  8
EF-ID-LOTES
100
AcDbMText
 10
245596.7618017565
 20
9361562.404402914
 30
0.0
 40
2.4
 41
8.0
 71
1
  1
1111
  0
MTEXT
  5
28F
330
17
100
AcDbEntity
  8
EF-ID-LOTES
100
AcDbMText
 10
245580.6223613769
 20
9361552.904402914
 30
0.0
 40
2.4
 41
8.0
 71
1
  1
1133
  0
MTEXT
  5
290
330
17
100
AcDbEntity
  8
EF-ID-LOTES
100
AcDbMText
 10
245596.7618017565
 20
9361552.904402914
 30
0.0
 40
2.4
 41
8.0
 71
1
  1
1112
  0
MTEXT
  5
291
330
17
100
AcDbEntity
  8
EF-ID-LOTES
100
AcDbMText
 10
245580.6223613769
 20
9361543.404402914
 30
0.0
 40
2.4
 41
8.0
 71
1
  1
1132
  0
MTEXT
  5
292
330
17
100
AcDbEntity
  8
EF-ID-LOTES
100
AcDbMText
 10
245596.7618017565
 20
9361543.404402914
 30
0.0
 40
2.4
 41
8.0
 71
1
  1
1113
  0
MTEXT
  5
293
330
17
100
AcDbEntity
  8
EF-ID-LOTES
100
AcDbMText
 10
245580.6223613769
 20
9361533.904402914
 30
0.0
 40
2.4
 41
8.0
 71
1
  1
1131
  0
MTEXT
  5
294
330
17
100
AcDbEntity
  8
EF-ID-LOTES
100
AcDbMText
 10
245596.7618017565
 20
9361533.904402914
 30
0.0
 40
2.4
 41
8.0
 71
1
  1
1114
  0
MTEXT
  5
295
330
17
100
AcDbEntity
  8
EF-ID-LOTES
100
AcDbMText
 10
245580.6223613769
 20
9361524.404402914
 30
0.0
 40
2.4
 41
8.0
 71
1
  1
1130
  0
MTEXT
  5
296
330
17
100
AcDbEntity
  8
EF-ID-LOTES
100
AcDbMText
 10
245596.7618017565
 20
9361524.404402914
 30
0.0
 40
2.4
 41
8.0
 71
1
  1
1115
  0
MTEXT
  5
297
330
17
100
AcDbEntity
  8
EF-ID-LOTES
100
AcDbMText
 10
245580.6223613769
 20
9361514.904402914
 30
0.0
 40
2.4
 41
8.0
 71
1
  1
1129
  0
MTEXT
  5
298
330
17
100
AcDbEntity
  8
EF-ID-LOTES
100
AcDbMText
 10
245596.7618017565
 20
9361514.904402914
 30
0.0
 40
2.4
 41
8.0
 71
1
  1
1116
  0
MTEXT
  5
299
330
17
100
AcDbEntity
  8
EF-ID-LOTES
100
AcDbMText
 10
245580.6223613769
 20
9361505.404402914
 30
0.0
 40
2.4
 41
8.0
 71
1
  1
1128
  0
MTEXT
  5
29A
330
17
100
AcDbEntity
  8
EF-ID-LOTES
100
AcDbMText
 10
245596.7618017565
 20
9361505.404402914
 30
0.0
 40
2.4
 41
8.0
 71
1
  1
1117
  0
MTEXT
  5
29B
330
17
100
AcDbEntity
  8
EF-ID-LOTES
100
AcDbMText
 10
245580.6223613769
 20
9361495.904402914
 30
0.0
 40
2.4
 41
8.0
 71
1
  1
1127
  0
MTEXT
  5
29C
330
17
100
AcDbEntity
  8
EF-ID-LOTES
100
AcDbMText
 10
245596.7618017565
 20
9361495.904402914
 30
0.0
 40
2.4
 41
8.0
 71
1
  1
1118
  0
MTEXT
  5
29D
330
17
100
AcDbEntity
  8
EF-ID-LOTES
100
AcDbMText
 10
245580.6223613769
 20
9361486.404402914
 30
0.0
 40
2.4
 41
8.0
 71
1
  1
1126
  0
MTEXT
  5
29E
330
17
100
AcDbEntity
  8
EF-ID-LOTES
100
AcDbMText
 10
245596.7618017565
 20
9361486.404402914
 30
0.0
 40
2.4
 41
8.0
 71
1
  1
1119
  0
MTEXT
  5
29F
330
17
100
AcDbEntity
  8
EF-ID-LOTES
100
AcDbMText
 10
245580.6223613769
 20
9361476.904402914
 30
0.0
 40
2.4
 41
8.0
 71
1
  1
1125
  0
MTEXT
  5
2A0
330
17
100
AcDbEntity
  8
EF-ID-LOTES
100
AcDbMText
 10
245596.7618017565
 20
9361476.904402914
 30
0.0
 40
2.4
 41
8.0
 71
1
  1
1120
  0
MTEXT
  5
2A1
330
17
100
AcDbEntity
  8
EF-ID-LOTES
100
AcDbMText
 10
245580.6223613769
 20
9361467.404402914
 30
0.0
 40
2.4
 41
8.0
 71
1
  1
1124
  0
MTEXT
  5
2A2
330
17
100
AcDbEntity
  8
EF-ID-LOTES
100
AcDbMText
 10
245596.7618017565
 20
9361467.404402914
 30
0.0
 40
2.4
 41
8.0
 71
1
  1
1121
  0
MTEXT
  5
2A3
330
17
100
AcDbEntity
  8
EF-ID-LOTES
100
AcDbMText
 10
245580.6223613769
 20
9361457.306060627
 30
0.0
 40
2.4
 41
8.0
 71
1
  1
1123
  0
MTEXT
  5
2A4
330
17
100
AcDbEntity
  8
EF-ID-LOTES
100
AcDbMText
 10
245596.7618017565
 20
9361457.306060627
 30
0.0
 40
2.4
 41
8.0
 71
1
  1
1122
  0
TEXT
  5
2A5
330
17
100
AcDbEntity
  8
TXT_QDA
100
AcDbText
 10
245590.9726265242
 20
9361603.319134796
 30
0.0
 40
3.1
  1
Q-11
 50
359.8054861907996
 72
1
 11
245590.9726265242
 21
9361603.319134796
 31
0.0
100
AcDbText
 73
2
  0
LWPOLYLINE
  5
2A6
330
17
100
AcDbEntity
  8
TXT_QDA
100
AcDbPolyline
 90
2
 70
1
 10
245590.9878126984
 20
9361609.044164434
 42
72.06273229928755
 10
245591.3053861169
 20
9361609.034505827
  0
MTEXT
  5
2A7
330
17
100
AcDbEntity
  8
EF-ID-LOTES
100
AcDbMText
 10
245536.6223613769
 20
9361657.613327432
 30
0.0
 40
2.4
 41
8.0
 71
1
  1
1244
  0
MTEXT
  5
2A8
330
17
100
AcDbEntity
  8
EF-ID-LOTES
100
AcDbMText
 10
245536.6223613769
 20
9361647.904402914
 30
0.0
 40
2.4
 41
8.0
 71
1
  1
1243
  0
MTEXT
  5
2A9
330
17
100
AcDbEntity
  8
EF-ID-LOTES
100
AcDbMText
 10
245552.7618017565
 20
9361657.613327432
 30
0.0
 40
2.4
 41
8.0
 71
1
  1
1201
  0
MTEXT
  5
2AA
330
17
100
AcDbEntity
  8
EF-ID-LOTES
100
AcDbMText
 10
245552.7618017565
 20
9361647.904402914
 30
0.0
 40
2.4
 41
8.0
 71
1
  1
1202
  0
MTEXT
  5
2AB
330
17
100
AcDbEntity
  8
EF-ID-LOTES
100
AcDbMText
 10
245536.6223613769
 20
9361638.404402914
 30
0.0
 40
2.4
 41
8.0
 71
1
  1
1242
  0
MTEXT
  5
2AC
330
17
100
AcDbEntity
  8
EF-ID-LOTES
100
AcDbMText
 10
245552.7618017565
 20
9361638.404402914
 30
0.0
 40
2.4
 41
8.0
 71
1
  1
1203
  0
MTEXT
  5
2AD
330
17
100
AcDbEntity
  8
EF-ID-LOTES
100
AcDbMText
 10
245536.6223613769
 20
9361628.904402914
 30
0.0
 40
2.4
 41
8.0
 71
1
  1
1241
  0
MTEXT
  5
2AE
330
17
100
AcDbEntity
  8
EF-ID-LOTES
100
AcDbMText
 10
245552.7618017565
 20
9361628.904402914
 30
0.0
 40
2.4
 41
8.0
 71
1
  1
1204
  0
MTEXT
  5
2AF
330
17
100
AcDbEntity
  8
EF-ID-LOTES
100
AcDbMText
 10
245536.6223613769
 20
9361619.404402914
 30
0.0
 40
2.4
 41
8.0
 71
1
  1
1240
  0
MTEXT
  5
2B0
330
17
100
AcDbEntity
  8
EF-ID-LOTES
100
AcDbMText
 10
245552.7618017565
 20
9361619.404402914
 30
0.0
 40
2.4
 41
8.0
 71
1
  1
1205
  0
MTEXT
  5
2B1
330
17
100
AcDbEntity
  8
EF-ID-LOTES
100
AcDbMText
 10
245492.6223613769
 20
9361657.613327432
 30
0.0
 40
2.4
 41
8.0
 71
1
  1
1344
  0
MTEXT
  5
2B2
330
17
100
AcDbEntity
  8
EF-ID-LOTES
100
AcDbMText
 10
245492.6223613769
 20
9361647.904402914
 30
0.0
 40
2.4
 41
8.0
 71
1
  1
1343
  0
MTEXT
  5
2B3
330
17
100
AcDbEntity
  8
EF-ID-LOTES
100
AcDbMText
 10
245508.7618017565
 20
9361657.613327432
 30
0.0
 40
2.4
 41
8.0
 71
1
  1
1301
  0
MTEXT
  5
2B4
330
17
100
AcDbEntity
  8
EF-ID-LOTES
100
AcDbMText
 10
245508.7618017565
 20
9361647.904402914
 30
0.0
 40
2.4
 41
8.0
 71
1
  1
1302
  0
MTEXT
  5
2B5
330
17
100
AcDbEntity
  8
EF-ID-LOTES
100
AcDbMText
 10
245492.6223613769
 20
9361638.404402914
 30
0.0
 40
2.4
 41
8.0
 71
1
  1
1342
  0
MTEXT
  5
2B6
330
17
100
AcDbEntity
  8
EF-ID-LOTES
100
AcDbMText
 10
245508.7618017565
 20
9361638.404402914
 30
0.0
 40
2.4
 41
8.0
 71
1
  1
1303
  0
MTEXT
  5
2B7
330
17
100
AcDbEntity
  8
EF-ID-LOTES
100
AcDbMText
 10
245492.6223613769
 20
9361628.904402914
 30
0.0
 40
2.4
 41
8.0
 71
1
  1
1341
  0
MTEXT
  5
2B8
330
17
100
AcDbEntity
  8
EF-ID-LOTES
100
AcDbMText
 10
245508.7618017565
 20
9361628.904402914
 30
0.0
 40
2.4
 41
8.0
 71
1
  1
1304
  0
MTEXT
  5
2B9
330
17
100
AcDbEntity
  8
EF-ID-LOTES
100
AcDbMText
 10
245492.6223613769
 20
9361619.404402914
 30
0.0
 40
2.4
 41
8.0
 71
1
  1
1340
  0
MTEXT
  5
2BA
330
17
100
AcDbEntity
  8
EF-ID-LOTES
100
AcDbMText
 10
245508.7618017565
 20
9361619.404402914
 30
0.0
 40
2.4
 41
8.0
 71
1
  1
1305
  0
MTEXT
  5
2BB
330
17
100
AcDbEntity
  8
EF-ID-LOTES
100
AcDbMText
 10
245536.6223613769
 20
9361609.904402914
 30
0.0
 40
2.4
 41
8.0
 71
1
  1
1239
  0
MTEXT
  5
2BC
330
17
100
AcDbEntity
  8
EF-ID-LOTES
100
AcDbMText
 10
245552.7618017565
 20
9361609.904402914
 30
0.0
 40
2.4
 41
8.0
 71
1
  1
1206
  0
MTEXT
  5
2BD
330
17
100
AcDbEntity
  8
EF-ID-LOTES
100
AcDbMText
 10
245536.6223613769
 20
9361600.404402914
 30
0.0
 40
2.4
 41
8.0
 71
1
  1
1238
  0
MTEXT
  5
2BE
330
17
100
AcDbEntity
  8
EF-ID-LOTES
100
AcDbMText
 10
245552.7618017565
 20
9361600.404402914
 30
0.0
 40
2.4
 41
8.0
 71
1
  1
1207
  0
MTEXT
  5
2BF
330
17
100
AcDbEntity
  8
EF-ID-LOTES
100
AcDbMText
 10
245536.6223613769
 20
9361590.904402914
 30
0.0
 40
2.4
 41
8.0
 71
1
  1
1237
  0
MTEXT
  5
2C0
330
17
100
AcDbEntity
  8
EF-ID-LOTES
100
AcDbMText
 10
245552.7618017565
 20
9361590.904402914
 30
0.0
 40
2.4
 41
8.0
 71
1
  1
1208
  0
MTEXT
  5
2C1
330
17
100
AcDbEntity
  8
EF-ID-LOTES
100
AcDbMText
 10
245536.6223613769
 20
9361581.404402914
 30
0.0
 40
2.4
 41
8.0
 71
1
  1
1236
  0
MTEXT
  5
2C2
330
17
100
AcDbEntity
  8
EF-ID-LOTES
100
AcDbMText
 10
245552.7618017565
 20
9361581.404402914
 30
0.0
 40
2.4
 41
8.0
 71
1
  1
1209
  0
MTEXT
  5
2C3
330
17
100
AcDbEntity
  8
EF-ID-LOTES
100
AcDbMText
 10
245536.6223613769
 20
9361571.904402914
 30
0.0
 40
2.4
 41
8.0
 71
1
  1
1235
  0
MTEXT
  5
2C4
330
17
100
AcDbEntity
  8
EF-ID-LOTES
100
AcDbMText
 10
245552.7618017565
 20
9361571.904402914
 30
0.0
 40
2.4
 41
8.0
 71
1
  1
1210
  0
MTEXT
  5
2C5
330
17
100
AcDbEntity
  8
EF-ID-LOTES
100
AcDbMText
 10
245536.6223613769
 20
9361562.404402914
 30
0.0
 40
2.4
 41
8.0
 71
1
  1
1234
  0
MTEXT
  5
2C6
330
17
100
AcDbEntity
  8
EF-ID-LOTES
100
AcDbMText
 10
245552.7618017565
 20
9361562.404402914
 30
0.0
 40
2.4
 41
8.0
 71
1
  1
1211
  0
MTEXT
  5
2C7
330
17
100
AcDbEntity
  8
EF-ID-LOTES
100
AcDbMText
 10
245536.6223613769
 20
9361552.904402914
 30
0.0
 40
2.4
 41
8.0
 71
1
  1
1233
  0
MTEXT
  5
2C8
330
17
100
AcDbEntity
  8
EF-ID-LOTES
100
AcDbMText
 10
245552.7618017565
 20
9361552.904402914
 30
0.0
 40
2.4
 41
8.0
 71
1
  1
1212
  0
MTEXT
  5
2C9
330
17
100
AcDbEntity
  8
EF-ID-LOTES
100
AcDbMText
 10
245536.6223613769
 20
9361543.404402914
 30
0.0
 40
2.4
 41
8.0
 71
1
  1
1232
  0
MTEXT
  5
2CA
330
17
100
AcDbEntity
  8
EF-ID-LOTES
100
AcDbMText
 10
245552.7618017565
 20
9361543.404402914
 30
0.0
 40
2.4
 41
8.0
 71
1
  1
1213
  0
MTEXT
  5
2CB
330
17
100
AcDbEntity
  8
EF-ID-LOTES
100
AcDbMText
 10
245536.6223613769
 20
9361533.904402914
 30
0.0
 40
2.4
 41
8.0
 71
1
  1
1231
  0
MTEXT
  5
2CC
330
17
100
AcDbEntity
  8
EF-ID-LOTES
100
AcDbMText
 10
245552.7618017565
 20
9361533.904402914
 30
0.0
 40
2.4
 41
8.0
 71
1
  1
1214
  0
MTEXT
  5
2CD
330
17
100
AcDbEntity
  8
EF-ID-LOTES
100
AcDbMText
 10
245536.6223613769
 20
9361524.404402914
 30
0.0
 40
2.4
 41
8.0
 71
1
  1
1230
  0
MTEXT
  5
2CE
330
17
100
AcDbEntity
  8
EF-ID-LOTES
100
AcDbMText
 10
245552.7618017565
 20
9361524.404402914
 30
0.0
 40
2.4
 41
8.0
 71
1
  1
1215
  0
MTEXT
  5
2CF
330
17
100
AcDbEntity
  8
EF-ID-LOTES
100
AcDbMText
 10
245536.6223613769
 20
9361514.904402914
 30
0.0
 40
2.4
 41
8.0
 71
1
  1
1229
  0
MTEXT
  5
2D0
330
17
100
AcDbEntity
  8
EF-ID-LOTES
100
AcDbMText
 10
245552.7618017565
 20
9361514.904402914
 30
0.0
 40
2.4
 41
8.0
 71
1
  1
1216
  0
MTEXT
  5
2D1
330
17
100
AcDbEntity
  8
EF-ID-LOTES
100
AcDbMText
 10
245536.6223613769
 20
9361505.404402914
 30
0.0
 40
2.4
 41
8.0
 71
1
  1
1228
  0
MTEXT
  5
2D2
330
17
100
AcDbEntity
  8
EF-ID-LOTES
100
AcDbMText
 10
245552.7618017565
 20
9361505.404402914
 30
0.0
 40
2.4
 41
8.0
 71
1
  1
1217
  0
MTEXT
  5
2D3
330
17
100
AcDbEntity
  8
EF-ID-LOTES
100
AcDbMText
 10
245536.6223613769
 20
9361495.904402914
 30
0.0
 40
2.4
 41
8.0
 71
1
  1
1227
  0
MTEXT
  5
2D4
330
17
100
AcDbEntity
  8
EF-ID-LOTES
100
AcDbMText
 10
245552.7618017565
 20
9361495.904402914
 30
0.0
 40
2.4
 41
8.0
 71
1
  1
1218
  0
MTEXT
  5
2D5
330
17
100
AcDbEntity
  8
EF-ID-LOTES
100
AcDbMText
 10
245536.6223613769
 20
9361486.404402914
 30
0.0
 40
2.4
 41
8.0
 71
1
  1
1226
  0
MTEXT
  5
2D6
330
17
100
AcDbEntity
  8
EF-ID-LOTES
100
AcDbMText
 10
245552.7618017565
 20
9361486.404402914
 30
0.0
 40
2.4
 41
8.0
 71
1
  1
1219
  0
MTEXT
  5
2D7
330
17
100
AcDbEntity
  8
EF-ID-LOTES
100
AcDbMText
 10
245536.6223613769
 20
9361476.904402914
 30
0.0
 40
2.4
 41
8.0
 71
1
  1
1225
  0
MTEXT
  5
2D8
330
17
100
AcDbEntity
  8
EF-ID-LOTES
100
AcDbMText
 10
245552.7618017565
 20
9361476.904402914
 30
0.0
 40
2.4
 41
8.0
 71
1
  1
1220
  0
MTEXT
  5
2D9
330
17
100
AcDbEntity
  8
EF-ID-LOTES
100
AcDbMText
 10
245536.6223613769
 20
9361467.404402914
 30
0.0
 40
2.4
 41
8.0
 71
1
  1
1224
  0
MTEXT
  5
2DA
330
17
100
AcDbEntity
  8
EF-ID-LOTES
100
AcDbMText
 10
245552.7618017565
 20
9361467.404402914
 30
0.0
 40
2.4
 41
8.0
 71
1
  1
1221
  0
MTEXT
  5
2DB
330
17
100
AcDbEntity
  8
EF-ID-LOTES
100
AcDbMText
 10
245536.6223613769
 20
9361456.911305621
 30
0.0
 40
2.4
 41
8.0
 71
1
  1
1223
  0
MTEXT
  5
2DC
330
17
100
AcDbEntity
  8
EF-ID-LOTES
100
AcDbMText
 10
245552.7618017565
 20
9361456.911305621
 30
0.0
 40
2.4
 41
8.0
 71
1
  1
1222
  0
TEXT
  5
2DD
330
17
100
AcDbEntity
  8
TXT_QDA
100
AcDbText
 10
245546.9726265242
 20
9361603.319134796
 30
0.0
 40
3.1
  1
Q-12
 50
359.8054861907996
 72
1
 11
245546.9726265242
 21
9361603.319134796
 31
0.0
100
AcDbText
 73
2
  0
LWPOLYLINE
  5
2DE
330
17
100
AcDbEntity
  8
TXT_QDA
100
AcDbPolyline
 90
2
 70
1
 10
245546.9878126984
 20
9361609.044164434
 42
72.06273229928755
 10
245547.3053861169
 20
9361609.034505827
  0
MTEXT
  5
2DF
330
17
100
AcDbEntity
  8
EF-ID-LOTES
100
AcDbMText
 10
245492.6223613769
 20
9361609.904402914
 30
0.0
 40
2.4
 41
8.0
 71
1
  1
1339
  0
MTEXT
  5
2E0
330
17
100
AcDbEntity
  8
EF-ID-LOTES
100
AcDbMText
 10
245508.7618017565
 20
9361609.904402914
 30
0.0
 40
2.4
 41
8.0
 71
1
  1
1306
  0
MTEXT
  5
2E1
330
17
100
AcDbEntity
  8
EF-ID-LOTES
100
AcDbMText
 10
245492.6223613769
 20
9361600.404402914
 30
0.0
 40
2.4
 41
8.0
 71
1
  1
1338
  0
MTEXT
  5
2E2
330
17
100
AcDbEntity
  8
EF-ID-LOTES
100
AcDbMText
 10
245508.7618017565
 20
9361600.404402914
 30
0.0
 40
2.4
 41
8.0
 71
1
  1
1307
  0
MTEXT
  5
2E3
330
17
100
AcDbEntity
  8
EF-ID-LOTES
100
AcDbMText
 10
245492.6223613769
 20
9361590.904402914
 30
0.0
 40
2.4
 41
8.0
 71
1
  1
1337
  0
MTEXT
  5
2E4
330
17
100
AcDbEntity
  8
EF-ID-LOTES
100
AcDbMText
 10
245508.7618017565
 20
9361590.904402914
 30
0.0
 40
2.4
 41
8.0
 71
1
  1
1308
  0
MTEXT
  5
2E5
330
17
100
AcDbEntity
  8
EF-ID-LOTES
100
AcDbMText
 10
245492.6223613769
 20
9361581.404402914
 30
0.0
 40
2.4
 41
8.0
 71
1
  1
1336
  0
MTEXT
  5
2E6
330
17
100
AcDbEntity
  8
EF-ID-LOTES
100
AcDbMText
 10
245508.7618017565
 20
9361581.404402914
 30
0.0
 40
2.4
 41
8.0
 71
1
  1
1309
  0
MTEXT
  5
2E7
330
17
100
AcDbEntity
  8
EF-ID-LOTES
100
AcDbMText
 10
245492.6223613769
 20
9361571.904402914
 30
0.0
 40
2.4
 41
8.0
 71
1
  1
1335
  0
MTEXT
  5
2E8
330
17
100
AcDbEntity
  8
EF-ID-LOTES
100
AcDbMText
 10
245508.7618017565
 20
9361571.904402914
 30
0.0
 40
2.4
 41
8.0
 71
1
  1
1310
  0
MTEXT
  5
2E9
330
17
100
AcDbEntity
  8
EF-ID-LOTES
100
AcDbMText
 10
245492.6223613769
 20
9361562.404402914
 30
0.0
 40
2.4
 41
8.0
 71
1
  1
1334
  0
MTEXT
  5
2EA
330
17
100
AcDbEntity
  8
EF-ID-LOTES
100
AcDbMText
 10
245508.7618017565
 20
9361562.404402914
 30
0.0
 40
2.4
 41
8.0
 71
1
  1
1311
  0
MTEXT
  5
2EB
330
17
100
AcDbEntity
  8
EF-ID-LOTES
100
AcDbMText
 10
245492.6223613769
 20
9361552.904402914
 30
0.0
 40
2.4
 41
8.0
 71
1
  1
1333
  0
MTEXT
  5
2EC
330
17
100
AcDbEntity
  8
EF-ID-LOTES
100
AcDbMText
 10
245508.7618017565
 20
9361552.904402914
 30
0.0
 40
2.4
 41
8.0
 71
1
  1
1312
  0
MTEXT
  5
2ED
330
17
100
AcDbEntity
  8
EF-ID-LOTES
100
AcDbMText
 10
245492.6223613769
 20
9361543.404402914
 30
0.0
 40
2.4
 41
8.0
 71
1
  1
1332
  0
MTEXT
  5
2EE
330
17
100
AcDbEntity
  8
EF-ID-LOTES
100
AcDbMText
 10
245508.7618017565
 20
9361543.404402914
 30
0.0
 40
2.4
 41
8.0
 71
1
  1
1313
  0
MTEXT
  5
2EF
330
17
100
AcDbEntity
  8
EF-ID-LOTES
100
AcDbMText
 10
245492.6223613769
 20
9361533.904402914
 30
0.0
 40
2.4
 41
8.0
 71
1
  1
1331
  0
MTEXT
  5
2F0
330
17
100
AcDbEntity
  8
EF-ID-LOTES
100
AcDbMText
 10
245508.7618017565
 20
9361533.904402914
 30
0.0
 40
2.4
 41
8.0
 71
1
  1
1314
  0
MTEXT
  5
2F1
330
17
100
AcDbEntity
  8
EF-ID-LOTES
100
AcDbMText
 10
245492.6223613769
 20
9361524.404402914
 30
0.0
 40
2.4
 41
8.0
 71
1
  1
1330
  0
MTEXT
  5
2F2
330
17
100
AcDbEntity
  8
EF-ID-LOTES
100
AcDbMText
 10
245508.7618017565
 20
9361524.404402914
 30
0.0
 40
2.4
 41
8.0
 71
1
  1
1315
  0
MTEXT
  5
2F3
330
17
100
AcDbEntity
  8
EF-ID-LOTES
100
AcDbMText
 10
245492.6223613769
 20
9361514.904402914
 30
0.0
 40
2.4
 41
8.0
 71
1
  1
1329
  0
MTEXT
  5
2F4
330
17
100
AcDbEntity
  8
EF-ID-LOTES
100
AcDbMText
 10
245508.7618017565
 20
9361514.904402914
 30
0.0
 40
2.4
 41
8.0
 71
1
  1
1316
  0
MTEXT
  5
2F5
330
17
100
AcDbEntity
  8
EF-ID-LOTES
100
AcDbMText
 10
245492.6223613769
 20
9361505.404402914
 30
0.0
 40
2.4
 41
8.0
 71
1
  1
1328
  0
MTEXT
  5
2F6
330
17
100
AcDbEntity
  8
EF-ID-LOTES
100
AcDbMText
 10
245508.7618017565
 20
9361505.404402914
 30
0.0
 40
2.4
 41
8.0
 71
1
  1
1317
  0
MTEXT
  5
2F7
330
17
100
AcDbEntity
  8
EF-ID-LOTES
100
AcDbMText
 10
245492.6223613769
 20
9361495.904402914
 30
0.0
 40
2.4
 41
8.0
 71
1
  1
1327
  0
MTEXT
  5
2F8
330
17
100
AcDbEntity
  8
EF-ID-LOTES
100
AcDbMText
 10
245508.7618017565
 20
9361495.904402914
 30
0.0
 40
2.4
 41
8.0
 71
1
  1
1318
  0
MTEXT
  5
2F9
330
17
100
AcDbEntity
  8
EF-ID-LOTES
100
AcDbMText
 10
245492.6223613769
 20
9361486.404402914
 30
0.0
 40
2.4
 41
8.0
 71
1
  1
1326
  0
MTEXT
  5
2FA
330
17
100
AcDbEntity
  8
EF-ID-LOTES
100
AcDbMText
 10
245508.7618017565
 20
9361486.404402914
 30
0.0
 40
2.4
 41
8.0
 71
1
  1
1319
  0
MTEXT
  5
2FB
330
17
100
AcDbEntity
  8
EF-ID-LOTES
100
AcDbMText
 10
245492.6223613769
 20
9361476.904402914
 30
0.0
 40
2.4
 41
8.0
 71
1
  1
1325
  0
MTEXT
  5
2FC
330
17
100
AcDbEntity
  8
EF-ID-LOTES
100
AcDbMText
 10
245508.7618017565
 20
9361476.904402914
 30
0.0
 40
2.4
 41
8.0
 71
1
  1
1320
  0
MTEXT
  5
2FD
330
17
100
AcDbEntity
  8
EF-ID-LOTES
100
AcDbMText
 10
245492.6223613769
 20
9361467.404402914
 30
0.0
 40
2.4
 41
8.0
 71
1
  1
1324
  0
MTEXT
  5
2FE
330
17
100
AcDbEntity
  8
EF-ID-LOTES
100
AcDbMText
 10
245508.7618017565
 20
9361467.404402914
 30
0.0
 40
2.4
 41
8.0
 71
1
  1
1321
  0
MTEXT
  5
2FF
330
17
100
AcDbEntity
  8
EF-ID-LOTES
100
AcDbMText
 10
245508.7618017565
 20
9361457.389147788
 30
0.0
 40
2.4
 41
8.0
 71
1
  1
1322
  0
MTEXT
  5
300
330
17
100
AcDbEntity
  8
EF-ID-LOTES
100
AcDbMText
 10
245492.6223613769
 20
9361458.34318013
 30
0.0
 40
2.4
 41
8.0
 71
1
  1
1323
  0
MTEXT
  5
301
330
17
100
AcDbEntity
  8
EF-ID-LOTES
100
AcDbMText
 10
245467.7296004663
 20
9361653.374203805
 30
0.0
 40
2.4
 41
8.0
 71
1
  1
1401
  0
MTEXT
  5
302
330
17
100
AcDbEntity
  8
EF-ID-LOTES
100
AcDbMText
 10
245458.2792566471
 20
9361653.374203805
 30
0.0
 40
2.4
 41
8.0
 71
1
  1
1402
  0
MTEXT
  5
303
330
17
100
AcDbEntity
  8
EF-ID-LOTES
100
AcDbMText
 10
245448.7792566471
 20
9361653.374203805
 30
0.0
 40
2.4
 41
8.0
 71
1
  1
1403
  0
MTEXT
  5
304
330
17
100
AcDbEntity
  8
EF-ID-LOTES
100
AcDbMText
 10
245467.7296004663
 20
9361637.3742038
 30
0.0
 40
2.4
 41
8.0
 71
1
  1
1406
  0
MTEXT
  5
305
330
17
100
AcDbEntity
  8
EF-ID-LOTES
100
AcDbMText
 10
245458.2792566471
 20
9361637.3742038
 30
0.0
 40
2.4
 41
8.0
 71
1
  1
1405
  0
MTEXT
  5
306
330
17
100
AcDbEntity
  8
EF-ID-LOTES
100
AcDbMText
 10
245448.7792566471
 20
9361637.3742038
 30
0.0
 40
2.4
 41
8.0
 71
1
  1
1404
  0
TEXT
  5
307
330
17
100
AcDbEntity
  8
TXT_QDA
100
AcDbText
 10
245455.4726265242
 20
9361644.761822624
 30
0.0
 40
3.1
  1
Q-14
 50
359.8054861907996
 72
1
 11
245455.4726265242
 21
9361644.761822624
 31
0.0
100
AcDbText
 73
2
  0
LWPOLYLINE
  5
308
330
17
100
AcDbEntity
  8
TXT_QDA
100
AcDbPolyline
 90
2
 70
1
 10
245455.4878126984
 20
9361650.486852262
 42
72.06273229928755
 10
245455.8053861169
 20
9361650.477193655
  0
MTEXT
  5
309
330
17
100
AcDbEntity
  8
EF-ID-LOTES
100
AcDbMText
 10
245467.7296004663
 20
9361609.374203805
 30
0.0
 40
2.4
 41
8.0
 71
1
  1
1501
  0
MTEXT
  5
30A
330
17
100
AcDbEntity
  8
EF-ID-LOTES
100
AcDbMText
 10
245458.2792566471
 20
9361609.374203805
 30
0.0
 40
2.4
 41
8.0
 71
1
  1
1502
  0
MTEXT
  5
30B
330
17
100
AcDbEntity
  8
EF-ID-LOTES
100
AcDbMText
 10
245458.2296004663
 20
9361593.3742038
 30
0.0
 40
2.4
 41
8.0
 71
1
  1
1513
  0
MTEXT
  5
30C
330
17
100
AcDbEntity
  8
EF-ID-LOTES
100
AcDbMText
 10
245448.7792566471
 20
9361593.3742038
 30
0.0
 40
2.4
 41
8.0
 71
1
  1
1512
  0
MTEXT
  5
30D
330
17
100
AcDbEntity
  8
EF-ID-LOTES
100
AcDbMText
 10
245467.7296004663
 20
9361565.374203805
 30
0.0
 40
2.4
 41
8.0
 71
1
  1
1601
  0
MTEXT
  5
30E
330
17
100
AcDbEntity
  8
EF-ID-LOTES
100
AcDbMText
 10
245458.2792566471
 20
9361565.374203805
 30
0.0
 40
2.4
 41
8.0
 71
1
  1
1602
  0
MTEXT
  5
30F
330
17
100
AcDbEntity
  8
EF-ID-LOTES
100
AcDbMText
 10
245448.7296004663
 20
9361549.3742038
 30
0.0
 40
2.4
 41
8.0
 71
1
  1
1618
  0
MTEXT
  5
310
330
17
100
AcDbEntity
  8
EF-ID-LOTES
100
AcDbMText
 10
245439.2792566471
 20
9361549.3742038
 30
0.0
 40
2.4
 41
8.0
 71
1
  1
1617
  0
MTEXT
  5
311
330
17
100
AcDbEntity
  8
EF-ID-LOTES
100
AcDbMText
 10
245467.7296004663
 20
9361521.374203805
 30
0.0
 40
2.4
 41
8.0
 71
1
  1
1701
  0
MTEXT
  5
312
330
17
100
AcDbEntity
  8
EF-ID-LOTES
100
AcDbMText
 10
245458.2792566471
 20
9361521.374203805
 30
0.0
 40
2.4
 41
8.0
 71
1
  1
1702
  0
MTEXT
  5
313
330
17
100
AcDbEntity
  8
EF-ID-LOTES
100
AcDbMText
 10
245410.6152318888
 20
9361505.3742038
 30
0.0
 40
2.4
 41
8.0
 71
1
  1
1720
  0
MTEXT
  5
314
330
17
100
AcDbEntity
  8
EF-ID-LOTES
100
AcDbMText
 10
245401.2792566471
 20
9361505.3742038
 30
0.0
 40
2.4
 41
8.0
 71
1
  1
1719
  0
MTEXT
  5
315
330
17
100
AcDbEntity
  8
EF-ID-LOTES
100
AcDbMText
 10
245448.7792566471
 20
9361609.374203805
 30
0.0
 40
2.4
 41
8.0
 71
1
  1
1503
  0
MTEXT
  5
316
330
17
100
AcDbEntity
  8
EF-ID-LOTES
100
AcDbMText
 10
245439.2792566471
 20
9361609.374203805
 30
0.0
 40
2.4
 41
8.0
 71
1
  1
1504
  0
MTEXT
  5
317
330
17
100
AcDbEntity
  8
EF-ID-LOTES
100
AcDbMText
 10
245439.2792566471
 20
9361593.374203805
 30
0.0
 40
2.4
 41
8.0
 71
1
  1
1511
  0
MTEXT
  5
318
330
17
100
AcDbEntity
  8
EF-ID-LOTES
100
AcDbMText
 10
245429.7792566471
 20
9361593.374203805
 30
0.0
 40
2.4
 41
8.0
 71
1
  1
1510
  0
MTEXT
  5
319
330
17
100
AcDbEntity
  8
EF-ID-LOTES
100
AcDbMText
 10
245420.2792566471
 20
9361593.374203805
 30
0.0
 40
2.4
 41
8.0
 71
1
  1
1509
  0
MTEXT
  5
31A
330
17
100
AcDbEntity
  8
EF-ID-LOTES
100
AcDbMText
 10
245410.7792566471
 20
9361593.374203805
 30
0.0
 40
2.4
 41
8.0
 71
1
  1
1508
  0
MTEXT
  5
31B
330
17
100
AcDbEntity
  8
EF-ID-LOTES
100
AcDbMText
 10
245401.2792566471
 20
9361593.374203805
 30
0.0
 40
2.4
 41
8.0
 71
1
  1
1507
  0
MTEXT
  5
31C
330
17
100
AcDbEntity
  8
EF-ID-LOTES
100
AcDbMText
 10
245391.7792566471
 20
9361593.374203805
 30
0.0
 40
2.4
 41
8.0
 71
1
  1
1506
  0
TEXT
  5
31D
330
17
100
AcDbEntity
  8
TXT_QDA
100
AcDbText
 10
245455.4726265242
 20
9361600.761822624
 30
0.0
 40
3.1
  1
Q-15
 50
359.8054861907996
 72
1
 11
245455.4726265242
 21
9361600.761822624
 31
0.0
100
AcDbText
 73
2
  0
LWPOLYLINE
  5
31E
330
17
100
AcDbEntity
  8
TXT_QDA
100
AcDbPolyline
 90
2
 70
1
 10
245455.4878126984
 20
9361606.486852262
 42
72.06273229928755
 10
245455.8053861169
 20
9361606.477193655
  0
MTEXT
  5
31F
330
17
100
AcDbEntity
  8
EF-ID-LOTES
100
AcDbMText
 10
245448.7792566471
 20
9361565.374203805
 30
0.0
 40
2.4
 41
8.0
 71
1
  1
1603
  0
MTEXT
  5
320
330
17
100
AcDbEntity
  8
EF-ID-LOTES
100
AcDbMText
 10
245429.7792566471
 20
9361549.374203805
 30
0.0
 40
2.4
 41
8.0
 71
1
  1
1616
  0
MTEXT
  5
321
330
17
100
AcDbEntity
  8
EF-ID-LOTES
100
AcDbMText
 10
245439.2792566471
 20
9361565.374203805
 30
0.0
 40
2.4
 41
8.0
 71
1
  1
1604
  0
MTEXT
  5
322
330
17
100
AcDbEntity
  8
EF-ID-LOTES
100
AcDbMText
 10
245420.2792566471
 20
9361549.374203805
 30
0.0
 40
2.4
 41
8.0
 71
1
  1
1615
  0
MTEXT
  5
323
330
17
100
AcDbEntity
  8
EF-ID-LOTES
100
AcDbMText
 10
245429.7792566471
 20
9361565.374203805
 30
0.0
 40
2.4
 41
8.0
 71
1
  1
1605
  0
MTEXT
  5
324
330
17
100
AcDbEntity
  8
EF-ID-LOTES
100
AcDbMText
 10
245410.7792566471
 20
9361549.374203805
 30
0.0
 40
2.4
 41
8.0
 71
1
  1
1614
  0
MTEXT
  5
325
330
17
100
AcDbEntity
  8
EF-ID-LOTES
100
AcDbMText
 10
245420.2792566471
 20
9361565.374203805
 30
0.0
 40
2.4
 41
8.0
 71
1
  1
1606
  0
MTEXT
  5
326
330
17
100
AcDbEntity
  8
EF-ID-LOTES
100
AcDbMText
 10
245401.2792566471
 20
9361549.374203805
 30
0.0
 40
2.4
 41
8.0
 71
1
  1
1613
  0
MTEXT
  5
327
330
17
100
AcDbEntity
  8
EF-ID-LOTES
100
AcDbMText
 10
245410.7792566471
 20
9361565.374203805
 30
0.0
 40
2.4
 41
8.0
 71
1
  1
1607
  0
MTEXT
  5
328
330
17
100
AcDbEntity
  8
EF-ID-LOTES
100
AcDbMText
 10
245401.2792566471
 20
9361565.374203805
 30
0.0
 40
2.4
 41
8.0
 71
1
  1
1608
  0
MTEXT
  5
329
330
17
100
AcDbEntity
  8
EF-ID-LOTES
100
AcDbMText
 10
245448.7792566471
 20
9361521.374203805
 30
0.0
 40
2.4
 41
8.0
 71
1
  1
1703
  0
MTEXT
  5
32A
330
17
100
AcDbEntity
  8
EF-ID-LOTES
100
AcDbMText
 10
245391.7792566471
 20
9361505.374203805
 30
0.0
 40
2.4
 41
8.0
 71
1
  1
1718
  0
MTEXT
  5
32B
330
17
100
AcDbEntity
  8
EF-ID-LOTES
100
AcDbMText
 10
245439.2792566471
 20
9361521.374203805
 30
0.0
 40
2.4
 41
8.0
 71
1
  1
1704
  0
MTEXT
  5
32C
330
17
100
AcDbEntity
  8
EF-ID-LOTES
100
AcDbMText
 10
245382.2792566471
 20
9361505.374203805
 30
0.0
 40
2.4
 41
8.0
 71
1
  1
1717
  0
MTEXT
  5
32D
330
17
100
AcDbEntity
  8
EF-ID-LOTES
100
AcDbMText
 10
245429.7792566471
 20
9361521.374203805
 30
0.0
 40
2.4
 41
8.0
 71
1
  1
1705
  0
MTEXT
  5
32E
330
17
100
AcDbEntity
  8
EF-ID-LOTES
100
AcDbMText
 10
245372.7792566471
 20
9361505.374203805
 30
0.0
 40
2.4
 41
8.0
 71
1
  1
1716
  0
MTEXT
  5
32F
330
17
100
AcDbEntity
  8
EF-ID-LOTES
100
AcDbMText
 10
245420.2792566471
 20
9361521.374203805
 30
0.0
 40
2.4
 41
8.0
 71
1
  1
1706
  0
MTEXT
  5
330
330
17
100
AcDbEntity
  8
EF-ID-LOTES
100
AcDbMText
 10
245363.2792566471
 20
9361505.374203805
 30
0.0
 40
2.4
 41
8.0
 71
1
  1
1715
  0
MTEXT
  5
331
330
17
100
AcDbEntity
  8
EF-ID-LOTES
100
AcDbMText
 10
245410.7792566471
 20
9361521.374203805
 30
0.0
 40
2.4
 41
8.0
 71
1
  1
1707
  0
MTEXT
  5
332
330
17
100
AcDbEntity
  8
EF-ID-LOTES
100
AcDbMText
 10
245353.7792566471
 20
9361505.374203805
 30
0.0
 40
2.4
 41
8.0
 71
1
  1
1714
  0
MTEXT
  5
333
330
17
100
AcDbEntity
  8
EF-ID-LOTES
100
AcDbMText
 10
245401.2792566471
 20
9361521.374203805
 30
0.0
 40
2.4
 41
8.0
 71
1
  1
1708
  0
MTEXT
  5
334
330
17
100
AcDbEntity
  8
EF-ID-LOTES
100
AcDbMText
 10
245344.2792566471
 20
9361505.374203805
 30
0.0
 40
2.4
 41
8.0
 71
1
  1
1713
  0
MTEXT
  5
335
330
17
100
AcDbEntity
  8
EF-ID-LOTES
100
AcDbMText
 10
245467.7296004663
 20
9361477.374203805
 30
0.0
 40
2.4
 41
8.0
 71
1
  1
1801
  0
MTEXT
  5
336
330
17
100
AcDbEntity
  8
EF-ID-LOTES
100
AcDbMText
 10
245458.2792566471
 20
9361477.374203805
 30
0.0
 40
2.4
 41
8.0
 71
1
  1
1802
  0
MTEXT
  5
337
330
17
100
AcDbEntity
  8
EF-ID-LOTES
100
AcDbMText
 10
245448.7792566471
 20
9361477.374203805
 30
0.0
 40
2.4
 41
8.0
 71
1
  1
1803
  0
MTEXT
  5
338
330
17
100
AcDbEntity
  8
EF-ID-LOTES
100
AcDbMText
 10
245439.2792566471
 20
9361477.374203805
 30
0.0
 40
2.4
 41
8.0
 71
1
  1
1804
  0
MTEXT
  5
339
330
17
100
AcDbEntity
  8
EF-ID-LOTES
100
AcDbMText
 10
245420.2792566471
 20
9361477.374203805
 30
0.0
 40
2.4
 41
8.0
 71
1
  1
1806
  0
MTEXT
  5
33A
330
17
100
AcDbEntity
  8
EF-ID-LOTES
100
AcDbMText
 10
245429.7792566471
 20
9361477.374203805
 30
0.0
 40
2.4
 41
8.0
 71
1
  1
1805
  0
MTEXT
  5
33B
330
17
100
AcDbEntity
  8
EF-ID-LOTES
100
AcDbMText
 10
245410.7792566471
 20
9361477.374203805
 30
0.0
 40
2.4
 41
8.0
 71
1
  1
1807
  0
MTEXT
  5
33C
330
17
100
AcDbEntity
  8
EF-ID-LOTES
100
AcDbMText
 10
245401.2792566471
 20
9361477.374203805
 30
0.0
 40
2.4
 41
8.0
 71
1
  1
1808
  0
MTEXT
  5
33D
330
17
100
AcDbEntity
  8
EF-ID-LOTES
100
AcDbMText
 10
245391.7792566471
 20
9361477.374203805
 30
0.0
 40
2.4
 41
8.0
 71
1
  1
1809
  0
MTEXT
  5
33E
330
17
100
AcDbEntity
  8
EF-ID-LOTES
100
AcDbMText
 10
245382.2792566471
 20
9361477.374203805
 30
0.0
 40
2.4
 41
8.0
 71
1
  1
1810
  0
MTEXT
  5
33F
330
17
100
AcDbEntity
  8
EF-ID-LOTES
100
AcDbMText
 10
245372.7792566471
 20
9361477.374203805
 30
0.0
 40
2.4
 41
8.0
 71
1
  1
1811
  0
TEXT
  5
340
330
17
100
AcDbEntity
  8
TXT_QDA
100
AcDbText
 10
245502.9726265242
 20
9361603.319134796
 30
0.0
 40
3.1
  1
Q-13
 50
359.8054861907996
 72
1
 11
245502.9726265242
 21
9361603.319134796
 31
0.0
100
AcDbText
 73
2
  0
LWPOLYLINE
  5
341
330
17
100
AcDbEntity
  8
TXT_QDA
100
AcDbPolyline
 90
2
 70
1
 10
245502.9878126984
 20
9361609.044164434
 42
72.06273229928755
 10
245503.3053861169
 20
9361609.034505827
  0
TEXT
  5
342
330
17
100
AcDbEntity
  8
TXT_QDA
100
AcDbText
 10
245455.4726265242
 20
9361556.761822624
 30
0.0
 40
3.1
  1
Q-16
 50
359.8054861907996
 72
1
 11
245455.4726265242
 21
9361556.761822624
 31
0.0
100
AcDbText
 73
2
  0
LWPOLYLINE
  5
343
330
17
100
AcDbEntity
  8
TXT_QDA
100
AcDbPolyline
 90
2
 70
1
 10
245455.4878126984
 20
9361562.486852262
 42
72.06273229928755
 10
245455.8053861169
 20
9361562.477193655
  0
TEXT
  5
344
330
17
100
AcDbEntity
  8
TXT_QDA
100
AcDbText
 10
245455.4726265242
 20
9361512.761822624
 30
0.0
 40
3.1
  1
Q-17
 50
359.8054861907996
 72
1
 11
245455.4726265242
 21
9361512.761822624
 31
0.0
100
AcDbText
 73
2
  0
LWPOLYLINE
  5
345
330
17
100
AcDbEntity
  8
TXT_QDA
100
AcDbPolyline
 90
2
 70
1
 10
245455.4878126984
 20
9361518.486852262
 42
72.06273229928755
 10
245455.8053861169
 20
9361518.477193655
  0
MTEXT
  5
346
330
17
100
AcDbEntity
  8
EF-ID-LOTES
100
AcDbMText
 10
245889.3335220507
 20
9361646.613327432
 30
0.0
 40
2.4
 41
8.0
 71
1
  1
412
  0
MTEXT
  5
347
330
17
100
AcDbEntity
  8
EF-ID-LOTES
100
AcDbMText
 10
245889.3335220507
 20
9361636.904402914
 30
0.0
 40
2.4
 41
8.0
 71
1
  1
411
  0
MTEXT
  5
348
330
17
100
AcDbEntity
  8
EF-ID-LOTES
100
AcDbMText
 10
245889.3335220507
 20
9361627.404402914
 30
0.0
 40
2.4
 41
8.0
 71
1
  1
410
  0
MTEXT
  5
349
330
17
100
AcDbEntity
  8
EF-ID-LOTES
100
AcDbMText
 10
245889.3335220507
 20
9361617.904402914
 30
0.0
 40
2.4
 41
8.0
 71
1
  1
409
  0
MTEXT
  5
34A
330
17
100
AcDbEntity
  8
EF-ID-LOTES
100
AcDbMText
 10
245889.3335220507
 20
9361608.404402914
 30
0.0
 40
2.4
 41
8.0
 71
1
  1
408
  0
MTEXT
  5
34B
330
17
100
AcDbEntity
  8
EF-ID-LOTES
100
AcDbMText
 10
245889.3335220507
 20
9361598.904402914
 30
0.0
 40
2.4
 41
8.0
 71
1
  1
407
  0
MTEXT
  5
34C
330
17
100
AcDbEntity
  8
EF-ID-LOTES
100
AcDbMText
 10
245905.2527373054
 20
9361646.613327432
 30
0.0
 40
2.4
 41
8.0
 71
1
  1
401
  0
MTEXT
  5
34D
330
17
100
AcDbEntity
  8
EF-ID-LOTES
100
AcDbMText
 10
245902.7665172317
 20
9361682.946152644
 30
0.0
 40
2.4
 41
8.0
 71
1
  1
101
  0
LWPOLYLINE
  5
34E
330
17
100
AcDbEntity
  8
_02__LOTES
100
AcDbPolyline
 90
4
 70
1
 10
245783.2161016028
 20
9361689.819134796
 10
245773.7161016028
 20
9361689.819134796
 10
245773.7161016028
 20
9361672.819134796
 10
245783.2161016028
 20
9361672.819134796
  0
LWPOLYLINE
  5
34F
330
17
100
AcDbEntity
  8
_02__LOTES
100
AcDbPolyline
 90
4
 70
1
 10
245745.2161016028
 20
9361689.819134796
 10
245735.2161016028
 20
9361689.819134796
 10
245735.2161016028
 20
9361672.819134796
 10
245745.2161016028
 20
9361672.819134796
  0
LWPOLYLINE
  5
350
330
17
100
AcDbEntity
  8
_02__LOTES
100
AcDbPolyline
 90
4
 70
1
 10
245754.7161016028
 20
9361689.819134796
 10
245745.2161016028
 20
9361689.819134796
 10
245745.2161016028
 20
9361672.819134796
 10
245754.7161016028
 20
9361672.819134796
  0
LWPOLYLINE
  5
351
330
17
100
AcDbEntity
  8
_02__LOTES
100
AcDbPolyline
 90
4
 70
1
 10
245764.2161016028
 20
9361689.819134796
 10
245754.7161016028
 20
9361689.819134796
 10
245754.7161016028
 20
9361672.819134796
 10
245764.2161016028
 20
9361672.819134796
  0
LWPOLYLINE
  5
352
330
17
100
AcDbEntity
  8
_02__LOTES
100
AcDbPolyline
 90
4
 70
1
 10
245773.7161016028
 20
9361689.819134796
 10
245764.2161016028
 20
9361689.819134796
 10
245764.2161016028
 20
9361672.819134796
 10
245773.7161016028
 20
9361672.819134796
  0
LWPOLYLINE
  5
353
330
17
100
AcDbEntity
  8
_02__LOTES
100
AcDbPolyline
 90
7
 70
1
 10
245897.2161016028
 20
9361689.788310794
 10
245896.5339427375
 20
9361689.78638739
 10
245891.3481579409
 20
9361689.771765636
 10
245887.7161016028
 20
9361689.776018543
 10
245887.7161016028
 20
9361672.819134796
 10
245896.5339427375
 20
9361672.819134796
 10
245897.2161016028
 20
9361672.819134796
  0
LWPOLYLINE
  5
354
330
17
100
AcDbEntity
  8
_02__LOTES
100
AcDbPolyline
 90
6
 70
1
 10
245887.7161016028
 20
9361689.776018543
 10
245887.0339427375
 20
9361689.776817309
 10
245878.2161016028
 20
9361689.78714244
 10
245878.2161016028
 20
9361672.819134796
 10
245887.0339427375
 20
9361672.819134796
 10
245887.7161016028
 20
9361672.819134796
  0
LWPOLYLINE
  5
355
330
17
100
AcDbEntity
  8
_02__LOTES
100
AcDbPolyline
 90
8
 70
1
 10
245878.2161016028
 20
9361689.78714244
 10
245877.5339427375
 20
9361689.787941206
 10
245870.2340627022
 20
9361689.796488902
 10
245870.0141186118
 20
9361689.819134796
 10
245868.7161016028
 20
9361689.819134796
 10
245868.7161016028
 20
9361672.819134796
 10
245877.5339427375
 20
9361672.819134796
 10
245878.2161016028
 20
9361672.819134796
  0
LWPOLYLINE
  5
356
330
17
100
AcDbEntity
  8
_02__LOTES
100
AcDbPolyline
 90
6
 70
1
 10
245868.7161016028
 20
9361689.819134796
 10
245868.2044824538
 20
9361689.819134796
 10
245859.2161016028
 20
9361689.819134796
 10
245859.2161016028
 20
9361672.819134796
 10
245868.2044824538
 20
9361672.819134796
 10
245868.7161016028
 20
9361672.819134796
  0
LWPOLYLINE
  5
357
330
17
100
AcDbEntity
  8
_02__LOTES
100
AcDbPolyline
 90
6
 70
1
 10
245859.2161016028
 20
9361689.819134796
 10
245858.7044824538
 20
9361689.819134796
 10
245849.7161016028
 20
9361689.819134796
 10
245849.7161016028
 20
9361672.819134796
 10
245858.7044824538
 20
9361672.819134796
 10
245859.2161016028
 20
9361672.819134796
  0
LWPOLYLINE
  5
358
330
17
100
AcDbEntity
  8
_02__LOTES
100
AcDbPolyline
 90
6
 70
1
 10
245849.7161016028
 20
9361689.819134796
 10
245849.2044824538
 20
9361689.819134796
 10
245840.2161016028
 20
9361689.819134796
 10
245840.2161016028
 20
9361672.819134796
 10
245849.2044824538
 20
9361672.819134796
 10
245849.7161016028
 20
9361672.819134796
  0
LWPOLYLINE
  5
359
330
17
100
AcDbEntity
  8
_02__LOTES
100
AcDbPolyline
 90
6
 70
1
 10
245840.2161016028
 20
9361689.819134796
 10
245839.8750221702
 20
9361689.819134796
 10
245830.7161016028
 20
9361689.819134796
 10
245830.7161016028
 20
9361672.819134796
 10
245839.8750221702
 20
9361672.819134796
 10
245840.2161016028
 20
9361672.819134796
  0
LWPOLYLINE
  5
35A
330
17
100
AcDbEntity
  8
_02__LOTES
100
AcDbPolyline
 90
6
 70
1
 10
245830.7161016028
 20
9361689.819134796
 10
245830.3750221702
 20
9361689.819134796
 10
245821.2161016028
 20
9361689.819134796
 10
245821.2161016028
 20
9361672.819134796
 10
245830.3750221702
 20
9361672.819134796
 10
245830.7161016028
 20
9361672.819134796
  0
LWPOLYLINE
  5
35B
330
17
100
AcDbEntity
  8
_02__LOTES
100
AcDbPolyline
 90
6
 70
1
 10
245821.2161016028
 20
9361689.819134796
 10
245820.8750221702
 20
9361689.819134796
 10
245811.7161016028
 20
9361689.819134796
 10
245811.7161016028
 20
9361672.819134796
 10
245820.8750221702
 20
9361672.819134796
 10
245821.2161016028
 20
9361672.819134796
  0
LWPOLYLINE
  5
35C
330
17
100
AcDbEntity
  8
_02__LOTES
100
AcDbPolyline
 90
6
 70
1
 10
245811.7161016028
 20
9361689.819134796
 10
245811.5455618865
 20
9361689.819134796
 10
245802.2161016028
 20
9361689.819134796
 10
245802.2161016028
 20
9361672.819134796
 10
245811.5455618865
 20
9361672.819134796
 10
245811.7161016028
 20
9361672.819134796
  0
LWPOLYLINE
  5
35D
330
17
100
AcDbEntity
  8
_02__LOTES
100
AcDbPolyline
 90
6
 70
1
 10
245802.2161016028
 20
9361689.819134796
 10
245802.0455618865
 20
9361689.819134796
 10
245792.7161016028
 20
9361689.819134796
 10
245792.7161016028
 20
9361672.819134796
 10
245802.0455618865
 20
9361672.819134796
 10
245802.2161016028
 20
9361672.819134796
  0
LWPOLYLINE
  5
35E
330
17
100
AcDbEntity
  8
_02__LOTES
100
AcDbPolyline
 90
6
 70
1
 10
245792.7161016028
 20
9361689.819134796
 10
245792.5455618865
 20
9361689.819134796
 10
245783.2161016028
 20
9361689.819134796
 10
245783.2161016028
 20
9361672.819134796
 10
245792.5455618865
 20
9361672.819134796
 10
245792.7161016028
 20
9361672.819134796
  0
LWPOLYLINE
  5
35F
330
17
100
AcDbEntity
  8
_02__LOTES
100
AcDbPolyline
 90
5
 70
1
 10
245908.148212553
 20
9361689.819134796
 10
245897.2161016028
 20
9361689.788310794
 10
245897.2161016028
 20
9361672.819134796
 10
245911.8338070974
 20
9361672.819134796
 10
245917.5768772049
 20
9361677.064664455
  0
MTEXT
  5
360
330
17
100
AcDbEntity
  8
EF-ID-LOTES
100
AcDbMText
 10
245738.5113697092
 20
9361681.82576253
 30
0.0
 40
2.4
 41
8.0
 71
1
  1
118
  0
MTEXT
  5
361
330
17
100
AcDbEntity
  8
EF-ID-LOTES
100
AcDbMText
 10
245748.2159190461
 20
9361681.82576253
 30
0.0
 40
2.4
 41
8.0
 71
1
  1
117
  0
MTEXT
  5
362
330
17
100
AcDbEntity
  8
EF-ID-LOTES
100
AcDbMText
 10
245757.7159190461
 20
9361681.82576253
 30
0.0
 40
2.4
 41
8.0
 71
1
  1
116
  0
MTEXT
  5
363
330
17
100
AcDbEntity
  8
EF-ID-LOTES
100
AcDbMText
 10
245767.2159190461
 20
9361681.82576253
 30
0.0
 40
2.4
 41
8.0
 71
1
  1
115
  0
MTEXT
  5
364
330
17
100
AcDbEntity
  8
EF-ID-LOTES
100
AcDbMText
 10
245776.7159190461
 20
9361681.82576253
 30
0.0
 40
2.4
 41
8.0
 71
1
  1
114
  0
MTEXT
  5
365
330
17
100
AcDbEntity
  8
EF-ID-LOTES
100
AcDbMText
 10
245786.2159190461
 20
9361681.82576253
 30
0.0
 40
2.4
 41
8.0
 71
1
  1
113
  0
MTEXT
  5
366
330
17
100
AcDbEntity
  8
EF-ID-LOTES
100
AcDbMText
 10
245795.7159190461
 20
9361681.82576253
 30
0.0
 40
2.4
 41
8.0
 71
1
  1
112
  0
MTEXT
  5
367
330
17
100
AcDbEntity
  8
EF-ID-LOTES
100
AcDbMText
 10
245805.2159190461
 20
9361681.82576253
 30
0.0
 40
2.4
 41
8.0
 71
1
  1
111
  0
MTEXT
  5
368
330
17
100
AcDbEntity
  8
EF-ID-LOTES
100
AcDbMText
 10
245814.7159190461
 20
9361681.82576253
 30
0.0
 40
2.4
 41
8.0
 71
1
  1
110
  0
MTEXT
  5
369
330
17
100
AcDbEntity
  8
EF-ID-LOTES
100
AcDbMText
 10
245824.2159190461
 20
9361681.82576253
 30
0.0
 40
2.4
 41
8.0
 71
1
  1
109
  0
MTEXT
  5
36A
330
17
100
AcDbEntity
  8
EF-ID-LOTES
100
AcDbMText
 10
245833.7159190461
 20
9361681.82576253
 30
0.0
 40
2.4
 41
8.0
 71
1
  1
108
  0
MTEXT
  5
36B
330
17
100
AcDbEntity
  8
EF-ID-LOTES
100
AcDbMText
 10
245843.2159190461
 20
9361681.82576253
 30
0.0
 40
2.4
 41
8.0
 71
1
  1
107
  0
MTEXT
  5
36C
330
17
100
AcDbEntity
  8
EF-ID-LOTES
100
AcDbMText
 10
245852.7159190461
 20
9361681.82576253
 30
0.0
 40
2.4
 41
8.0
 71
1
  1
106
  0
MTEXT
  5
36D
330
17
100
AcDbEntity
  8
EF-ID-LOTES
100
AcDbMText
 10
245862.2159190461
 20
9361681.82576253
 30
0.0
 40
2.4
 41
8.0
 71
1
  1
105
  0
MTEXT
  5
36E
330
17
100
AcDbEntity
  8
EF-ID-LOTES
100
AcDbMText
 10
245871.7159190461
 20
9361681.82576253
 30
0.0
 40
2.4
 41
8.0
 71
1
  1
104
  0
MTEXT
  5
36F
330
17
100
AcDbEntity
  8
EF-ID-LOTES
100
AcDbMText
 10
245881.2159190461
 20
9361681.82576253
 30
0.0
 40
2.4
 41
8.0
 71
1
  1
103
  0
MTEXT
  5
370
330
17
100
AcDbEntity
  8
EF-ID-LOTES
100
AcDbMText
 10
245890.941579692
 20
9361681.82576253
 30
0.0
 40
2.4
 41
8.0
 71
1
  1
102
  0
MTEXT
  5
371
330
17
100
AcDbEntity
  8
EF-ID-LOTES
100
AcDbMText
 10
245716.6182826816
 20
9361681.82576253
 30
0.0
 40
2.4
 41
8.0
 71
1
  1
201
  0
MTEXT
  5
372
330
17
100
AcDbEntity
  8
EF-ID-LOTES
100
AcDbMText
 10
245706.796673325
 20
9361681.82576253
 30
0.0
 40
2.4
 41
8.0
 71
1
  1
202
  0
MTEXT
  5
373
330
17
100
AcDbEntity
  8
EF-ID-LOTES
100
AcDbMText
 10
245697.296673325
 20
9361681.82576253
 30
0.0
 40
2.4
 41
8.0
 71
1
  1
203
  0
MTEXT
  5
374
330
17
100
AcDbEntity
  8
EF-ID-LOTES
100
AcDbMText
 10
245687.796673325
 20
9361681.82576253
 30
0.0
 40
2.4
 41
8.0
 71
1
  1
204
  0
MTEXT
  5
375
330
17
100
AcDbEntity
  8
EF-ID-LOTES
100
AcDbMText
 10
245678.296673325
 20
9361681.82576253
 30
0.0
 40
2.4
 41
8.0
 71
1
  1
205
  0
MTEXT
  5
376
330
17
100
AcDbEntity
  8
EF-ID-LOTES
100
AcDbMText
 10
245668.9077704707
 20
9361681.82576253
 30
0.0
 40
2.4
 41
8.0
 71
1
  1
206
  0
MTEXT
  5
377
330
17
100
AcDbEntity
  8
EF-ID-LOTES
100
AcDbMText
 10
245659.4077704707
 20
9361681.82576253
 30
0.0
 40
2.4
 41
8.0
 71
1
  1
207
  0
MTEXT
  5
378
330
17
100
AcDbEntity
  8
EF-ID-LOTES
100
AcDbMText
 10
245649.9077704707
 20
9361681.82576253
 30
0.0
 40
2.4
 41
8.0
 71
1
  1
208
  0
MTEXT
  5
379
330
17
100
AcDbEntity
  8
EF-ID-LOTES
100
AcDbMText
 10
245640.4077704707
 20
9361681.82576253
 30
0.0
 40
2.4
 41
8.0
 71
1
  1
209
  0
MTEXT
  5
37A
330
17
100
AcDbEntity
  8
EF-ID-LOTES
100
AcDbMText
 10
245630.9077704707
 20
9361681.82576253
 30
0.0
 40
2.4
 41
8.0
 71
1
  1
210
  0
MTEXT
  5
37B
330
17
100
AcDbEntity
  8
EF-ID-LOTES
100
AcDbMText
 10
245621.4077704707
 20
9361681.82576253
 30
0.0
 40
2.4
 41
8.0
 71
1
  1
211
  0
MTEXT
  5
37C
330
17
100
AcDbEntity
  8
EF-ID-LOTES
100
AcDbMText
 10
245611.9077704707
 20
9361681.82576253
 30
0.0
 40
2.4
 41
8.0
 71
1
  1
212
  0
MTEXT
  5
37D
330
17
100
AcDbEntity
  8
EF-ID-LOTES
100
AcDbMText
 10
245602.4077704707
 20
9361681.82576253
 30
0.0
 40
2.4
 41
8.0
 71
1
  1
213
  0
MTEXT
  5
37E
330
17
100
AcDbEntity
  8
EF-ID-LOTES
100
AcDbMText
 10
245592.9077704707
 20
9361681.82576253
 30
0.0
 40
2.4
 41
8.0
 71
1
  1
214
  0
MTEXT
  5
37F
330
17
100
AcDbEntity
  8
EF-ID-LOTES
100
AcDbMText
 10
245583.4077704707
 20
9361681.82576253
 30
0.0
 40
2.4
 41
8.0
 71
1
  1
215
  0
MTEXT
  5
380
330
17
100
AcDbEntity
  8
EF-ID-LOTES
100
AcDbMText
 10
245573.9077704707
 20
9361681.82576253
 30
0.0
 40
2.4
 41
8.0
 71
1
  1
216
  0
MTEXT
  5
381
330
17
100
AcDbEntity
  8
EF-ID-LOTES
100
AcDbMText
 10
245564.1182826816
 20
9361681.82576253
 30
0.0
 40
2.4
 41
8.0
 71
1
  1
217
  0
MTEXT
  5
382
330
17
100
AcDbEntity
  8
EF-ID-LOTES
100
AcDbMText
 10
245542.1182826816
 20
9361681.82576253
 30
0.0
 40
2.4
 41
8.0
 71
1
  1
301
  0
MTEXT
  5
383
330
17
100
AcDbEntity
  8
EF-ID-LOTES
100
AcDbMText
 10
245532.4077704707
 20
9361681.82576253
 30
0.0
 40
2.4
 41
8.0
 71
1
  1
302
  0
MTEXT
  5
384
330
17
100
AcDbEntity
  8
EF-ID-LOTES
100
AcDbMText
 10
245522.9077704707
 20
9361681.82576253
 30
0.0
 40
2.4
 41
8.0
 71
1
  1
303
  0
MTEXT
  5
385
330
17
100
AcDbEntity
  8
EF-ID-LOTES
100
AcDbMText
 10
245513.4077704707
 20
9361681.82576253
 30
0.0
 40
2.4
 41
8.0
 71
1
  1
304
  0
MTEXT
  5
386
330
17
100
AcDbEntity
  8
EF-ID-LOTES
100
AcDbMText
 10
245503.9077704707
 20
9361681.82576253
 30
0.0
 40
2.4
 41
8.0
 71
1
  1
305
  0
MTEXT
  5
387
330
17
100
AcDbEntity
  8
EF-ID-LOTES
100
AcDbMText
 10
245494.4077704707
 20
9361681.82576253
 30
0.0
 40
2.4
 41
8.0
 71
1
  1
306
  0
MTEXT
  5
388
330
17
100
AcDbEntity
  8
EF-ID-LOTES
100
AcDbMText
 10
245484.9077704707
 20
9361681.82576253
 30
0.0
 40
2.4
 41
8.0
 71
1
  1
307
  0
MTEXT
  5
389
330
17
100
AcDbEntity
  8
EF-ID-LOTES
100
AcDbMText
 10
245475.4077704707
 20
9361681.82576253
 30
0.0
 40
2.4
 41
8.0
 71
1
  1
308
  0
MTEXT
  5
38A
330
17
100
AcDbEntity
  8
EF-ID-LOTES
100
AcDbMText
 10
245465.9077704707
 20
9361681.82576253
 30
0.0
 40
2.4
 41
8.0
 71
1
  1
309
  0
MTEXT
  5
38B
330
17
100
AcDbEntity
  8
EF-ID-LOTES
100
AcDbMText
 10
245452.3478560994
 20
9361681.82576253
 30
0.0
 40
2.4
 41
8.0
 71
1
  1
310
  0
LWPOLYLINE
  5
38C
330
17
100
AcDbEntity
  8
_02__LOTES
100
AcDbPolyline
 90
4
 70
1
 10
245462.7161016028
 20
9361689.819134796
 10
245447.4093094713
 20
9361689.819134796
 10
245444.0721338294
 20
9361672.819134796
 10
245462.7161016028
 20
9361672.819134796
  0
LWPOLYLINE
  5
38D
330
17
100
AcDbEntity
  8
_02__LOTES
100
AcDbPolyline
 90
4
 70
1
 10
245918.6550985053
 20
9361601.819134796
 10
245898.9726264842
 20
9361601.819134796
 10
245898.9726264842
 20
9361592.319134796
 10
245919.3839210929
 20
9361592.319134796
  0
LWPOLYLINE
  5
38E
330
17
100
AcDbEntity
  8
_02__LOTES
100
AcDbPolyline
 90
4
 70
1
 10
245917.9262759178
 20
9361611.319134796
 10
245898.9726264842
 20
9361611.319134796
 10
245898.9726264842
 20
9361601.819134796
 10
245918.6550985053
 20
9361601.819134796
  0
LWPOLYLINE
  5
38F
330
17
100
AcDbEntity
  8
_02__LOTES
100
AcDbPolyline
 90
4
 70
1
 10
245917.1974533303
 20
9361620.819134796
 10
245898.9726264842
 20
9361620.819134796
 10
245898.9726264842
 20
9361611.319134796
 10
245917.9262759178
 20
9361611.319134796
  0
LWPOLYLINE
  5
390
330
17
100
AcDbEntity
  8
_02__LOTES
100
AcDbPolyline
 90
4
 70
1
 10
245916.4686307428
 20
9361630.319134796
 10
245898.9726264842
 20
9361630.319134796
 10
245898.9726264842
 20
9361620.819134796
 10
245917.1974533303
 20
9361620.819134796
  0
LWPOLYLINE
  5
391
330
17
100
AcDbEntity
  8
_02__LOTES
100
AcDbPolyline
 90
4
 70
1
 10
245915.7398081552
 20
9361639.819134796
 10
245898.9726264842
 20
9361639.819134796
 10
245898.9726264842
 20
9361630.319134796
 10
245916.4686307428
 20
9361630.319134796
  0
LWPOLYLINE
  5
392
330
17
100
AcDbEntity
  8
_02__LOTES
100
AcDbPolyline
 90
4
 70
1
 10
245914.9726264842
 20
9361649.819134796
 10
245898.9726264842
 20
9361649.819134796
 10
245898.9726264842
 20
9361639.819134796
 10
245915.7398081552
 20
9361639.819134796
  0
TEXT
  5
393
330
17
100
AcDbEntity
  8
TXT_QDA
100
AcDbText
 10
245898.7643101473
 20
9361620.002299791
 30
0.0
 40
3.1
  1
Q-04
 50
359.8054861907996
 72
1
 11
245898.7643101473
 21
9361620.002299791
 31
0.0
100
AcDbText
 73
2
  0
LWPOLYLINE
  5
394
330
17
100
AcDbEntity
  8
TXT_QDA
100
AcDbPolyline
 90
2
 70
1
 10
245898.7794963215
 20
9361625.72732943
 42
72.06273229928755
 10
245899.09706974
 20
9361625.717670823
  0
MTEXT
  5
395
330
17
100
AcDbEntity
  8
EF-ID-LOTES
100
AcDbMText
 10
245905.6801748091
 20
9361636.88212941
 30
0.0
 40
2.4
 41
8.0
 71
1
  1
402
  0
MTEXT
  5
396
330
17
100
AcDbEntity
  8
EF-ID-LOTES
100
AcDbMText
 10
245906.2429682241
 20
9361627.18590386
 30
0.0
 40
2.4
 41
8.0
 71
1
  1
403
  0
MTEXT
  5
397
330
17
100
AcDbEntity
  8
EF-ID-LOTES
100
AcDbMText
 10
245906.5381236947
 20
9361617.685010724
 30
0.0
 40
2.4
 41
8.0
 71
1
  1
404
  0
MTEXT
  5
398
330
17
100
AcDbEntity
  8
EF-ID-LOTES
100
AcDbMText
 10
245906.9373488914
 20
9361608.038298376
 30
0.0
 40
2.4
 41
8.0
 71
1
  1
405
  0
MTEXT
  5
399
330
17
100
AcDbEntity
  8
EF-ID-LOTES
100
AcDbMText
 10
245907.2868025259
 20
9361598.553564802
 30
0.0
 40
2.4
 41
8.0
 71
1
  1
406
  0
LWPOLYLINE
  5
39A
330
17
100
AcDbEntity
  8
_02__LOTES
100
AcDbPolyline
 90
4
 70
1
 10
245388.9726264842
 20
9361512.761822624
 10
245398.4726264842
 20
9361512.761822624
 10
245398.4726264842
 20
9361528.761822624
 10
245388.9726264842
 20
9361528.761822624
  0
LWPOLYLINE
  5
39B
330
17
100
AcDbEntity
  8
_02__LOTES
100
AcDbPolyline
 90
4
 70
1
 10
245388.9726264842
 20
9361512.761822624
 10
245398.4726264842
 20
9361512.761822624
 10
245398.4726264842
 20
9361496.761822624
 10
245388.9726264842
 20
9361496.761822624
  0
MTEXT
  5
39C
330
17
100
AcDbEntity
  8
EF-ID-LOTES
100
AcDbMText
 10
245391.7792566471
 20
9361521.374203805
 30
0.0
 40
2.4
 41
8.0
 71
1
  1
1709
  0
LWPOLYLINE
  5
39D
330
17
100
AcDbEntity
  8
_02__LOTES
100
AcDbPolyline
 90
4
 70
1
 10
245379.4726264842
 20
9361512.761822624
 10
245388.9726264842
 20
9361512.761822624
 10
245388.9726264842
 20
9361528.761822624
 10
245379.4726264842
 20
9361528.761822624
  0
LWPOLYLINE
  5
39E
330
17
100
AcDbEntity
  8
_02__LOTES
100
AcDbPolyline
 90
4
 70
1
 10
245379.4726264842
 20
9361512.761822624
 10
245388.9726264842
 20
9361512.761822624
 10
245388.9726264842
 20
9361496.761822624
 10
245379.4726264842
 20
9361496.761822624
  0
MTEXT
  5
39F
330
17
100
AcDbEntity
  8
EF-ID-LOTES
100
AcDbMText
 10
245382.2792566471
 20
9361521.374203805
 30
0.0
 40
2.4
 41
8.0
 71
1
  1
1710
  0
MTEXT
  5
3A0
330
17
100
AcDbEntity
  8
EF-ID-LOTES
100
AcDbMText
 10
245334.7792566471
 20
9361505.374203805
 30
0.0
 40
2.4
 41
8.0
 71
1
  1
1712
  0
LWPOLYLINE
  5
3A1
330
17
100
AcDbEntity
  8
_02__LOTES
100
AcDbPolyline
 90
4
 70
1
 10
245379.4726264842
 20
9361556.761822624
 10
245388.9726264842
 20
9361556.761822624
 10
245388.9726264842
 20
9361572.761822624
 10
245379.4726264842
 20
9361572.761822624
  0
LWPOLYLINE
  5
3A2
330
17
100
AcDbEntity
  8
_02__LOTES
100
AcDbPolyline
 90
4
 70
1
 10
245379.4726264842
 20
9361556.761822624
 10
245388.9726264842
 20
9361556.761822624
 10
245388.9726264842
 20
9361540.761822624
 10
245379.4726264842
 20
9361540.761822624
  0
LWPOLYLINE
  5
3A3
330
17
100
AcDbEntity
  8
_02__LOTES
100
AcDbPolyline
 90
4
 70
1
 10
245398.4726264842
 20
9361556.761822624
 10
245388.9726264842
 20
9361556.761822624
 10
245388.9726264842
 20
9361572.761822624
 10
245398.4726264842
 20
9361572.761822624
  0
LWPOLYLINE
  5
3A4
330
17
100
AcDbEntity
  8
_02__LOTES
100
AcDbPolyline
 90
4
 70
1
 10
245398.4726264842
 20
9361556.761822624
 10
245388.9726264842
 20
9361556.761822624
 10
245388.9726264842
 20
9361540.761822624
 10
245398.4726264842
 20
9361540.761822624
  0
MTEXT
  5
3A5
330
17
100
AcDbEntity
  8
EF-ID-LOTES
100
AcDbMText
 10
245391.7792566471
 20
9361565.374203805
 30
0.0
 40
2.4
 41
8.0
 71
1
  1
1609
  0
MTEXT
  5
3A6
330
17
100
AcDbEntity
  8
EF-ID-LOTES
100
AcDbMText
 10
245391.7792566471
 20
9361549.374203805
 30
0.0
 40
2.4
 41
8.0
 71
1
  1
1612
  0
MTEXT
  5
3A7
330
17
100
AcDbEntity
  8
EF-ID-LOTES
100
AcDbMText
 10
245382.2792566471
 20
9361565.374203805
 30
0.0
 40
2.4
 41
8.0
 71
1
  1
1610
  0
MTEXT
  5
3A8
330
17
100
AcDbEntity
  8
EF-ID-LOTES
100
AcDbMText
 10
245382.2792566471
 20
9361549.374203805
 30
0.0
 40
2.4
 41
8.0
 71
1
  1
1611
  0
LWPOLYLINE
  5
3A9
330
17
100
AcDbEntity
  8
_02__LOTES
100
AcDbPolyline
 90
4
 70
1
 10
245388.9726264842
 20
9361600.761822624
 10
245398.4726264842
 20
9361600.761822624
 10
245398.4726264842
 20
9361584.761822624
 10
245388.9726264842
 20
9361584.761822624
  0
LWPOLYLINE
  5
3AA
330
17
100
AcDbEntity
  8
_02__LOTES
100
AcDbPolyline
 90
4
 70
1
 10
245379.4726264842
 20
9361600.761822624
 10
245388.9726264842
 20
9361600.761822624
 10
245388.9726264842
 20
9361584.761822624
 10
245379.4726264842
 20
9361584.761822624
  0
MTEXT
  5
3AB
330
17
100
AcDbEntity
  8
EF-ID-LOTES
100
AcDbMText
 10
245382.2792566471
 20
9361593.374203805
 30
0.0
 40
2.4
 41
8.0
 71
1
  1
1505
  0
MTEXT
  5
3AC
330
17
100
AcDbEntity
  8
EF-ID-LOTES
100
AcDbMText
 10
245467.743093089
 20
9361593.3742038
 30
0.0
 40
2.4
 41
8.0
 71
1
  1
1514
  0
MTEXT
  5
3AD
330
17
100
AcDbEntity
  8
EF-ID-LOTES
100
AcDbMText
 10
245458.1394310714
 20
9361549.3742038
 30
0.0
 40
2.4
 41
8.0
 71
1
  1
1619
  0
MTEXT
  5
3AE
330
17
100
AcDbEntity
  8
EF-ID-LOTES
100
AcDbMText
 10
245467.6707253332
 20
9361549.3742038
 30
0.0
 40
2.4
 41
8.0
 71
1
  1
1620
  0
MTEXT
  5
3AF
330
17
100
AcDbEntity
  8
EF-ID-LOTES
100
AcDbMText
 10
245467.6865798386
 20
9361505.3742038
 30
0.0
 40
2.4
 41
8.0
 71
1
  1
1726
  0
TEXT
  5
3B0
330
17
100
AcDbEntity
  8
TXT_QDA
100
AcDbText
 10
245830.3750222102
 20
9361691.309142204
 30
0.0
 40
3.1
  1
Q-01
 50
359.8054861907996
 72
1
 11
245830.3750222102
 21
9361691.309142204
 31
0.0
100
AcDbText
 73
2
  0
LWPOLYLINE
  5
3B1
330
17
100
AcDbEntity
  8
TXT_QDA
100
AcDbPolyline
 90
2
 70
1
 10
245830.3902083843
 20
9361697.034171842
 42
72.06273229634084
 10
245830.7077818029
 20
9361697.024513235
  0
TEXT
  5
3B2
330
17
100
AcDbEntity
  8
TXT_QDA
100
AcDbText
 10
245646.7161016429
 20
9361691.308700474
 30
0.0
 40
3.1
  1
Q-02
 50
359.8054861907996
 72
1
 11
245646.7161016429
 21
9361691.308700474
 31
0.0
100
AcDbText
 73
2
  0
LWPOLYLINE
  5
3B3
330
17
100
AcDbEntity
  8
TXT_QDA
100
AcDbPolyline
 90
2
 70
1
 10
245646.731287817
 20
9361697.033730112
 42
72.06273229269755
 10
245647.0488612356
 20
9361697.024071505
  0
TEXT
  5
3B4
330
17
100
AcDbEntity
  8
TXT_QDA
100
AcDbText
 10
245491.2161016428
 20
9361691.308258744
 30
0.0
 40
3.1
  1
Q-03
 50
359.8054861907996
 72
1
 11
245491.2161016428
 21
9361691.308258744
 31
0.0
100
AcDbText
 73
2
  0
LWPOLYLINE
  5
3B5
330
17
100
AcDbEntity
  8
TXT_QDA
100
AcDbPolyline
 90
2
 70
1
 10
245491.2312878169
 20
9361697.033288382
 42
72.06273228975083
 10
245491.5488612356
 20
9361697.023629775
  0
LWPOLYLINE
  5
3B6
330
17
100
AcDbEntity
  8
_02__LOTES
100
AcDbPolyline
 90
4
 70
1
 10
245325.9726264842
 20
9361474.761822624
 10
245325.9726264842
 20
9361484.761822624
 10
245341.9726264842
 20
9361484.761822624
 10
245341.9726264842
 20
9361474.761822624
  0
LWPOLYLINE
  5
3B7
330
17
100
AcDbEntity
  8
_02__LOTES
100
AcDbPolyline
 90
4
 70
1
 10
245369.9726264842
 20
9361474.761822624
 10
245369.9726264842
 20
9361465.261822624
 10
245353.9726264842
 20
9361465.261822624
 10
245353.9726264842
 20
9361474.761822624
  0
LWPOLYLINE
  5
3B8
330
17
100
AcDbEntity
  8
_02__LOTES
100
AcDbPolyline
 90
4
 70
1
 10
245325.9726264842
 20
9361474.761822624
 10
245325.9726264842
 20
9361465.261822624
 10
245341.9726264842
 20
9361465.261822624
 10
245341.9726264842
 20
9361474.761822624
  0
LWPOLYLINE
  5
3B9
330
17
100
AcDbEntity
  8
_02__LOTES
100
AcDbPolyline
 90
4
 70
1
 10
245369.9726264842
 20
9361474.761822624
 10
245369.9726264842
 20
9361484.761822624
 10
245353.9726264842
 20
9361484.761822624
 10
245353.9726264842
 20
9361474.761822624
  0
LWPOLYLINE
  5
3BA
330
17
100
AcDbEntity
  8
_02__LOTES
100
AcDbPolyline
 90
4
 70
1
 10
245325.9726264842
 20
9361455.761822624
 10
245325.9726264842
 20
9361465.261822624
 10
245341.9726264842
 20
9361465.261822624
 10
245341.9726264842
 20
9361455.761822624
  0
LWPOLYLINE
  5
3BB
330
17
100
AcDbEntity
  8
_02__LOTES
100
AcDbPolyline
 90
4
 70
1
 10
245369.9726264842
 20
9361455.761822624
 10
245369.9726264842
 20
9361465.261822624
 10
245353.9726264842
 20
9361465.261822624
 10
245353.9726264842
 20
9361455.761822624
  0
LWPOLYLINE
  5
3BC
330
17
100
AcDbEntity
  8
_02__LOTES
100
AcDbPolyline
 90
4
 70
1
 10
245325.9726264842
 20
9361436.761822624
 10
245325.9726264842
 20
9361427.261822624
 10
245341.9726264842
 20
9361427.261822624
 10
245341.9726264842
 20
9361436.761822624
  0
LWPOLYLINE
  5
3BD
330
17
100
AcDbEntity
  8
_02__LOTES
100
AcDbPolyline
 90
4
 70
1
 10
245369.9726264842
 20
9361436.761822624
 10
245369.9726264842
 20
9361446.261822624
 10
245353.9726264842
 20
9361446.261822624
 10
245353.9726264842
 20
9361436.761822624
  0
LWPOLYLINE
  5
3BE
330
17
100
AcDbEntity
  8
_02__LOTES
100
AcDbPolyline
 90
4
 70
1
 10
245325.9726264842
 20
9361436.761822624
 10
245325.9726264842
 20
9361446.261822624
 10
245341.9726264842
 20
9361446.261822624
 10
245341.9726264842
 20
9361436.761822624
  0
LWPOLYLINE
  5
3BF
330
17
100
AcDbEntity
  8
_02__LOTES
100
AcDbPolyline
 90
4
 70
1
 10
245369.9726264842
 20
9361436.761822624
 10
245369.9726264842
 20
9361427.261822624
 10
245353.9726264842
 20
9361427.261822624
 10
245353.9726264842
 20
9361436.761822624
  0
LWPOLYLINE
  5
3C0
330
17
100
AcDbEntity
  8
_02__LOTES
100
AcDbPolyline
 90
4
 70
1
 10
245325.9726264842
 20
9361455.761822624
 10
245325.9726264842
 20
9361446.261822624
 10
245341.9726264842
 20
9361446.261822624
 10
245341.9726264842
 20
9361455.761822624
  0
LWPOLYLINE
  5
3C1
330
17
100
AcDbEntity
  8
_02__LOTES
100
AcDbPolyline
 90
4
 70
1
 10
245369.9726264842
 20
9361455.761822624
 10
245369.9726264842
 20
9361446.261822624
 10
245353.9726264842
 20
9361446.261822624
 10
245353.9726264842
 20
9361455.761822624
  0
LWPOLYLINE
  5
3C2
330
17
100
AcDbEntity
  8
_02__LOTES
100
AcDbPolyline
 90
4
 70
1
 10
245360.4726264842
 20
9361512.761822624
 10
245350.9726264842
 20
9361512.761822624
 10
245350.9726264842
 20
9361496.761822624
 10
245360.4726264842
 20
9361496.761822624
  0
LWPOLYLINE
  5
3C3
330
17
100
AcDbEntity
  8
_02__LOTES
100
AcDbPolyline
 90
4
 70
1
 10
245360.4726264842
 20
9361512.761822624
 10
245369.9726264842
 20
9361512.761822624
 10
245369.9726264842
 20
9361496.761822624
 10
245360.4726264842
 20
9361496.761822624
  0
LWPOLYLINE
  5
3C4
330
17
100
AcDbEntity
  8
_02__LOTES
100
AcDbPolyline
 90
4
 70
1
 10
245341.4726264842
 20
9361512.761822624
 10
245350.9726264842
 20
9361512.761822624
 10
245350.9726264842
 20
9361496.761822624
 10
245341.4726264842
 20
9361496.761822624
  0
LWPOLYLINE
  5
3C5
330
17
100
AcDbEntity
  8
_02__LOTES
100
AcDbPolyline
 90
4
 70
1
 10
245341.4726264842
 20
9361512.761822624
 10
245331.9726264842
 20
9361512.761822624
 10
245331.9726264842
 20
9361496.761822624
 10
245341.4726264842
 20
9361496.761822624
  0
LWPOLYLINE
  5
3C6
330
17
100
AcDbEntity
  8
_02__LOTES
100
AcDbPolyline
 90
4
 70
1
 10
245650.9726264842
 20
9361601.219134796
 10
245618.9726264842
 20
9361601.219134796
 10
245618.9726264842
 20
9361617.719134796
 10
245650.9726264842
 20
9361617.719134796
  0
LWPOLYLINE
  5
3C7
330
17
100
AcDbEntity
  8
_02__LOTES
100
AcDbPolyline
 90
8
 70
1
 10
245920.1127436804
 20
9361582.819134796
 10
245919.3839210929
 20
9361592.319134796
 10
245882.9726264842
 20
9361592.319134796
 10
245882.9726264842
 20
9361582.819134796
 10
245882.9726264842
 20
9361573.319134796
 10
245882.9726264842
 20
9361551.987600068
 10
245898.9726264842
 20
9361560.22012602
 10
245920.977861916
 20
9361571.542558879
  0
LWPOLYLINE
  5
3C8
330
17
100
AcDbEntity
  8
_02__LOTES
100
AcDbPolyline
 90
4
 70
1
 10
245634.9726264842
 20
9361478.719134796
 10
245634.9726264842
 20
9361488.219134796
 10
245618.9726264842
 20
9361488.219134796
 10
245618.9726264842
 20
9361478.719134796
  0
LWPOLYLINE
  5
3C9
330
17
100
AcDbEntity
  8
_02__LOTES
100
AcDbPolyline
 90
4
 70
1
 10
245634.9726264842
 20
9361478.719134796
 10
245634.9726264842
 20
9361488.219134796
 10
245650.9726264842
 20
9361488.219134796
 10
245650.9726264842
 20
9361478.719134796
  0
MTEXT
  5
3CA
330
17
100
AcDbEntity
  8
EF-ID-LOTES
100
AcDbMText
 10
245624.8175526436
 20
9361485.304402914
 30
0.0
 40
2.4
 41
8.0
 71
1
  1
1013
  0
MTEXT
  5
3CB
330
17
100
AcDbEntity
  8
EF-ID-LOTES
100
AcDbMText
 10
245640.7718775993
 20
9361485.304402914
 30
0.0
 40
2.4
 41
8.0
 71
1
  1
1006
  0
MTEXT
  5
3CC
330
17
100
AcDbEntity
  8
EF-ID-LOTES
100
AcDbMText
 10
245420.1152318888
 20
9361505.3742038
 30
0.0
 40
2.4
 41
8.0
 71
1
  1
1721
  0
MTEXT
  5
3CD
330
17
100
AcDbEntity
  8
EF-ID-LOTES
100
AcDbMText
 10
245429.6152318888
 20
9361505.3742038
 30
0.0
 40
2.4
 41
8.0
 71
1
  1
1722
  0
MTEXT
  5
3CE
330
17
100
AcDbEntity
  8
EF-ID-LOTES
100
AcDbMText
 10
245439.1152318888
 20
9361505.3742038
 30
0.0
 40
2.4
 41
8.0
 71
1
  1
1723
  0
MTEXT
  5
3CF
330
17
100
AcDbEntity
  8
EF-ID-LOTES
100
AcDbMText
 10
245448.6152318888
 20
9361505.3742038
 30
0.0
 40
2.4
 41
8.0
 71
1
  1
1724
  0
MTEXT
  5
3D0
330
17
100
AcDbEntity
  8
EF-ID-LOTES
100
AcDbMText
 10
245458.1152318888
 20
9361505.3742038
 30
0.0
 40
2.4
 41
8.0
 71
1
  1
1725
  0
MTEXT
  5
3D1
330
17
100
AcDbEntity
  8
EF-ID-LOTES
100
AcDbMText
 10
245359.6223613769
 20
9361481.55601526
 30
0.0
 40
2.4
 41
8.0
 71
1
  1
1812
  0
MTEXT
  5
3D2
330
17
100
AcDbEntity
  8
EF-ID-LOTES
100
AcDbMText
 10
245359.6223613769
 20
9361471.847090742
 30
0.0
 40
2.4
 41
8.0
 71
1
  1
1813
  0
MTEXT
  5
3D3
330
17
100
AcDbEntity
  8
EF-ID-LOTES
100
AcDbMText
 10
245359.6223613769
 20
9361462.347090742
 30
0.0
 40
2.4
 41
8.0
 71
1
  1
1814
  0
MTEXT
  5
3D4
330
17
100
AcDbEntity
  8
EF-ID-LOTES
100
AcDbMText
 10
245359.6223613769
 20
9361452.847090742
 30
0.0
 40
2.4
 41
8.0
 71
1
  1
1815
  0
MTEXT
  5
3D5
330
17
100
AcDbEntity
  8
EF-ID-LOTES
100
AcDbMText
 10
245359.6223613769
 20
9361443.347090742
 30
0.0
 40
2.4
 41
8.0
 71
1
  1
1816
  0
MTEXT
  5
3D6
330
17
100
AcDbEntity
  8
EF-ID-LOTES
100
AcDbMText
 10
245359.6223613769
 20
9361433.847090742
 30
0.0
 40
2.4
 41
8.0
 71
1
  1
1817
  0
MTEXT
  5
3D7
330
17
100
AcDbEntity
  8
EF-ID-LOTES
100
AcDbMText
 10
245331.6223613769
 20
9361481.55601526
 30
0.0
 40
2.4
 41
8.0
 71
1
  1
1901
  0
MTEXT
  5
3D8
330
17
100
AcDbEntity
  8
EF-ID-LOTES
100
AcDbMText
 10
245331.6223613769
 20
9361471.847090742
 30
0.0
 40
2.4
 41
8.0
 71
1
  1
1902
  0
MTEXT
  5
3D9
330
17
100
AcDbEntity
  8
EF-ID-LOTES
100
AcDbMText
 10
245331.6223613769
 20
9361462.347090742
 30
0.0
 40
2.4
 41
8.0
 71
1
  1
1903
  0
MTEXT
  5
3DA
330
17
100
AcDbEntity
  8
EF-ID-LOTES
100
AcDbMText
 10
245331.6223613769
 20
9361452.847090742
 30
0.0
 40
2.4
 41
8.0
 71
1
  1
1904
  0
MTEXT
  5
3DB
330
17
100
AcDbEntity
  8
EF-ID-LOTES
100
AcDbMText
 10
245331.6223613769
 20
9361443.347090742
 30
0.0
 40
2.4
 41
8.0
 71
1
  1
1905
  0
MTEXT
  5
3DC
330
17
100
AcDbEntity
  8
EF-ID-LOTES
100
AcDbMText
 10
245331.6223613769
 20
9361433.847090742
 30
0.0
 40
2.4
 41
8.0
 71
1
  1
1906
  0
TEXT
  5
3DD
330
17
100
AcDbEntity
  8
TXT_QDA
100
AcDbText
 10
245455.4726265242
 20
9361476.101798333
 30
0.0
 40
3.1
  1
Q-18
 50
359.8054861907996
 72
1
 11
245455.4726265242
 21
9361476.101798333
 31
0.0
100
AcDbText
 73
2
  0
LWPOLYLINE
  5
3DE
330
17
100
AcDbEntity
  8
TXT_QDA
100
AcDbPolyline
 90
2
 70
1
 10
245455.4878126984
 20
9361481.826827973
 42
72.06273227585233
 10
245455.805386117
 20
9361481.817169366
  0
LWPOLYLINE
  5
3DF
330
17
100
AcDbEntity
  8
_02__LOTES
100
AcDbPolyline
 90
4
 70
1
 10
245634.9726264842
 20
9361497.719134796
 10
245634.9726264842
 20
9361488.219134796
 10
245618.9726264842
 20
9361488.219134796
 10
245618.9726264842
 20
9361497.719134796
  0
LWPOLYLINE
  5
3E0
330
17
100
AcDbEntity
  8
_02__LOTES
100
AcDbPolyline
 90
4
 70
1
 10
245634.9726264842
 20
9361497.719134796
 10
245634.9726264842
 20
9361488.219134796
 10
245650.9726264842
 20
9361488.219134796
 10
245650.9726264842
 20
9361497.719134796
  0
LWPOLYLINE
  5
3E1
330
17
100
AcDbEntity
  8
_02__LOTES
100
AcDbPolyline
 90
4
 70
1
 10
245634.9726264842
 20
9361497.719134796
 10
245634.9726264842
 20
9361507.219134796
 10
245618.9726264842
 20
9361507.219134796
 10
245618.9726264842
 20
9361497.719134796
  0
LWPOLYLINE
  5
3E2
330
17
100
AcDbEntity
  8
_02__LOTES
100
AcDbPolyline
 90
4
 70
1
 10
245634.9726264842
 20
9361497.719134796
 10
245634.9726264842
 20
9361507.219134796
 10
245650.9726264842
 20
9361507.219134796
 10
245650.9726264842
 20
9361497.719134796
  0
LWPOLYLINE
  5
3E3
330
17
100
AcDbEntity
  8
_02__LOTES
100
AcDbPolyline
 90
4
 70
1
 10
245634.9726264842
 20
9361516.719134796
 10
245634.9726264842
 20
9361507.219134796
 10
245618.9726264842
 20
9361507.219134796
 10
245618.9726264842
 20
9361516.719134796
  0
LWPOLYLINE
  5
3E4
330
17
100
AcDbEntity
  8
_02__LOTES
100
AcDbPolyline
 90
4
 70
1
 10
245634.9726264842
 20
9361516.719134796
 10
245634.9726264842
 20
9361507.219134796
 10
245650.9726264842
 20
9361507.219134796
 10
245650.9726264842
 20
9361516.719134796
  0
LWPOLYLINE
  5
3E5
330
17
100
AcDbEntity
  8
_02__LOTES
100
AcDbPolyline
 90
4
 70
1
 10
245634.9726264842
 20
9361516.719134796
 10
245634.9726264842
 20
9361526.219134796
 10
245618.9726264842
 20
9361526.219134796
 10
245618.9726264842
 20
9361516.719134796
  0
LWPOLYLINE
  5
3E6
330
17
100
AcDbEntity
  8
_02__LOTES
100
AcDbPolyline
 90
4
 70
1
 10
245634.9726264842
 20
9361516.719134796
 10
245634.9726264842
 20
9361526.219134796
 10
245650.9726264842
 20
9361526.219134796
 10
245650.9726264842
 20
9361516.719134796
  0
LWPOLYLINE
  5
3E7
330
17
100
AcDbEntity
  8
_02__LOTES
100
AcDbPolyline
 90
4
 70
1
 10
245634.9726264842
 20
9361535.719134796
 10
245634.9726264842
 20
9361526.219134796
 10
245618.9726264842
 20
9361526.219134796
 10
245618.9726264842
 20
9361535.719134796
  0
LWPOLYLINE
  5
3E8
330
17
100
AcDbEntity
  8
_02__LOTES
100
AcDbPolyline
 90
4
 70
1
 10
245634.9726264842
 20
9361535.719134796
 10
245634.9726264842
 20
9361526.219134796
 10
245650.9726264842
 20
9361526.219134796
 10
245650.9726264842
 20
9361535.719134796
  0
MTEXT
  5
3E9
330
17
100
AcDbEntity
  8
EF-ID-LOTES
100
AcDbMText
 10
245624.8175526436
 20
9361494.804402914
 30
0.0
 40
2.4
 41
8.0
 71
1
  1
1014
  0
MTEXT
  5
3EA
330
17
100
AcDbEntity
  8
EF-ID-LOTES
100
AcDbMText
 10
245640.7718775993
 20
9361494.804402914
 30
0.0
 40
2.4
 41
8.0
 71
1
  1
1005
  0
MTEXT
  5
3EB
330
17
100
AcDbEntity
  8
EF-ID-LOTES
100
AcDbMText
 10
245624.8175526436
 20
9361504.304402914
 30
0.0
 40
2.4
 41
8.0
 71
1
  1
1015
  0
MTEXT
  5
3EC
330
17
100
AcDbEntity
  8
EF-ID-LOTES
100
AcDbMText
 10
245640.7718775993
 20
9361504.304402914
 30
0.0
 40
2.4
 41
8.0
 71
1
  1
1004
  0
MTEXT
  5
3ED
330
17
100
AcDbEntity
  8
EF-ID-LOTES
100
AcDbMText
 10
245624.8175526436
 20
9361513.804402914
 30
0.0
 40
2.4
 41
8.0
 71
1
  1
1016
  0
MTEXT
  5
3EE
330
17
100
AcDbEntity
  8
EF-ID-LOTES
100
AcDbMText
 10
245640.7718775993
 20
9361513.804402914
 30
0.0
 40
2.4
 41
8.0
 71
1
  1
1003
  0
MTEXT
  5
3EF
330
17
100
AcDbEntity
  8
EF-ID-LOTES
100
AcDbMText
 10
245624.8175526436
 20
9361523.304402914
 30
0.0
 40
2.4
 41
8.0
 71
1
  1
1017
  0
MTEXT
  5
3F0
330
17
100
AcDbEntity
  8
EF-ID-LOTES
100
AcDbMText
 10
245640.7718775993
 20
9361523.304402914
 30
0.0
 40
2.4
 41
8.0
 71
1
  1
1002
  0
MTEXT
  5
3F1
330
17
100
AcDbEntity
  8
EF-ID-LOTES
100
AcDbMText
 10
245624.8175526436
 20
9361532.804402914
 30
0.0
 40
2.4
 41
8.0
 71
1
  1
1018
  0
MTEXT
  5
3F2
330
17
100
AcDbEntity
  8
EF-ID-LOTES
100
AcDbMText
 10
245640.7718775993
 20
9361532.804402914
 30
0.0
 40
2.4
 41
8.0
 71
1
  1
1001
  0
TEXT
  5
3F3
330
17
100
AcDbEntity
  8
TXT_QDA
100
AcDbText
 10
245634.9726265242
 20
9361498.167115469
 30
0.0
 40
3.1
  1
Q-10
 50
359.8054861907996
 72
1
 11
245634.9726265242
 21
9361498.167115469
 31
0.0
100
AcDbText
 73
2
  0
LWPOLYLINE
  5
3F4
330
17
100
AcDbEntity
  8
TXT_QDA
100
AcDbPolyline
 90
2
 70
1
 10
245634.9878126984
 20
9361503.892145108
 42
72.06273227585233
 10
245635.305386117
 20
9361503.882486502
  0
TEXT
  5
3F5
330
17
100
AcDbEntity
  8
TXT_QDA
100
AcDbText
 10
245325.4997011663
 20
9361464.824599786
 30
0.0
 40
3.1
  1
Q-19
 50
359.8054861907996
 72
1
 11
245325.4997011663
 21
9361464.824599786
 31
0.0
100
AcDbText
 73
2
  0
LWPOLYLINE
  5
3F6
330
17
100
AcDbEntity
  8
TXT_QDA
100
AcDbPolyline
 90
2
 70
1
 10
245325.5148873404
 20
9361470.549629424
 42
72.06273229269755
 10
245325.8324607589
 20
9361470.539970817
  0
LWPOLYLINE
  5
3FB
330
17
100
AcDbEntity
  8
_LTQUADRAS
100
AcDbPolyline
 90
21
 70
1
 10
245918.6550985053
 20
9361601.819134796
 10
245917.9262759178
 20
9361611.319134796
 10
245917.1974533303
 20
9361620.819134796
 10
245916.4686307428
 20
9361630.319134796
 10
245915.7398081552
 20
9361639.819134796
 10
245914.9726264842
 20
9361649.819134796
 10
245898.9726264842
 20
9361649.819134796
 10
245882.9726264842
 20
9361649.819134796
 10
245882.9726264842
 20
9361639.819134796
 10
245882.9726264842
 20
9361630.319134796
 10
245882.9726264842
 20
9361620.819134796
 10
245882.9726264842
 20
9361611.319134796
 10
245882.9726264842
 20
9361601.819134796
 10
245882.9726264842
 20
9361592.319134796
 10
245882.9726264842
 20
9361582.819134796
 10
245882.9726264842
 20
9361573.319134796
 10
245882.9726264842
 20
9361551.987600068
 10
245898.9726264842
 20
9361560.22012602
 10
245920.9778630874
 20
9361571.54254361
 10
245920.1127436804
 20
9361582.819134796
 10
245919.3839210929
 20
9361592.319134796
  0
LWPOLYLINE
  5
3FC
330
17
100
AcDbEntity
  8
_LTQUADRAS
100
AcDbPolyline
 90
27
 70
1
 10
245870.9726264842
 20
9361639.819134796
 10
245870.9726264842
 20
9361649.819134796
 10
245854.9726264842
 20
9361649.819134796
 10
245838.9726264842
 20
9361649.819134796
 10
245838.9726264842
 20
9361639.819134796
 10
245838.9726264842
 20
9361630.319134796
 10
245838.9726264842
 20
9361620.819134796
 10
245838.9726264842
 20
9361611.319134796
 10
245838.9726264842
 20
9361601.819134796
 10
245838.9726264842
 20
9361592.319134796
 10
245838.9726264842
 20
9361582.819134796
 10
245838.9726264842
 20
9361573.319134796
 10
245838.9726264842
 20
9361563.819134796
 10
245838.9726264842
 20
9361554.319134796
 10
245838.9726264842
 20
9361544.819134796
 10
245838.9726264842
 20
9361529.348153695
 10
245854.9726264842
 20
9361537.58067965
 10
245870.9726264842
 20
9361545.813205602
 10
245870.9726264842
 20
9361554.319134796
 10
245870.9726264842
 20
9361563.819134796
 10
245870.9726264842
 20
9361573.319134796
 10
245870.9726264842
 20
9361582.819134796
 10
245870.9726264842
 20
9361592.319134796
 10
245870.9726264842
 20
9361601.819134796
 10
245870.9726264842
 20
9361611.319134796
 10
245870.9726264842
 20
9361620.819134796
 10
245870.9726264842
 20
9361630.319134796
  0
LWPOLYLINE
  5
3FD
330
17
100
AcDbEntity
  8
_LTQUADRAS
100
AcDbPolyline
 90
48
 70
1
 10
245650.9726264842
 20
9361593.819134796
 10
245650.9726264842
 20
9361602.319134796
 10
245650.9726264842
 20
9361603.319134796
 10
245650.9726264842
 20
9361612.819134796
 10
245650.9726264842
 20
9361619.719134796
 10
245650.9726264842
 20
9361619.719134796
 10
245650.9726264842
 20
9361641.319134796
 10
245650.9726264842
 20
9361650.819134796
 10
245650.9726264842
 20
9361660.819134796
 10
245634.9726264842
 20
9361660.819134796
 10
245618.9726264842
 20
9361660.819134796
 10
245618.9726264842
 20
9361650.819134796
 10
245618.9726264842
 20
9361641.319134796
 10
245618.9726264842
 20
9361619.719134796
 10
245618.9726264842
 20
9361619.719134796
 10
245618.9726264842
 20
9361612.819134796
 10
245618.9726264842
 20
9361603.319134796
 10
245618.9726264842
 20
9361602.319134796
 10
245618.9726264842
 20
9361593.819134796
 10
245618.9726264842
 20
9361574.819134796
 10
245618.9726264842
 20
9361565.319134796
 10
245618.9726264842
 20
9361555.819134796
 10
245618.9726264842
 20
9361546.319134796
 10
245618.9726264842
 20
9361536.819134796
 10
245618.9726264842
 20
9361527.319134796
 10
245618.9726264842
 20
9361517.819134796
 10
245618.9726264842
 20
9361508.319134796
 10
245618.9726264842
 20
9361498.819134796
 10
245618.9726264842
 20
9361489.319134796
 10
245618.9726264842
 20
9361479.819134796
 10
245618.9726264842
 20
9361470.319134796
 10
245618.9726264842
 20
9361460.819134796
 10
245618.9726264842
 20
9361449.324752752
 10
245634.9726264842
 20
9361449.433654143
 10
245650.9726264842
 20
9361449.542555533
 10
245650.9726264842
 20
9361460.819134796
 10
245650.9726264842
 20
9361470.319134796
 10
245650.9726264842
 20
9361479.819134796
 10
245650.9726264842
 20
9361489.319134796
 10
245650.9726264842
 20
9361498.819134796
 10
245650.9726264842
 20
9361508.319134796
 10
245650.9726264842
 20
9361517.819134796
 10
245650.9726264842
 20
9361527.319134796
 10
245650.9726264842
 20
9361536.819134796
 10
245650.9726264842
 20
9361546.319134796
 10
245650.9726264842
 20
9361555.819134796
 10
245650.9726264842
 20
9361565.319134796
 10
245650.9726264842
 20
9361574.819134796
  0
LWPOLYLINE
  5
3FE
330
17
100
AcDbEntity
  8
_LTQUADRAS
100
AcDbPolyline
 90
49
 70
1
 10
245694.9726264842
 20
9361584.319134796
 10
245694.9726264842
 20
9361593.819134796
 10
245694.9726264842
 20
9361603.319134796
 10
245694.9726264842
 20
9361612.819134796
 10
245694.9726264842
 20
9361622.319134796
 10
245694.9726264842
 20
9361631.819134796
 10
245694.9726264842
 20
9361641.319134796
 10
245694.9726264842
 20
9361650.819134796
 10
245694.9726264842
 20
9361660.819134796
 10
245678.9726264842
 20
9361660.819134796
 10
245662.9726264842
 20
9361660.819134796
 10
245662.9726264842
 20
9361650.819134796
 10
245662.9726264842
 20
9361641.319134796
 10
245662.9726264842
 20
9361631.819134796
 10
245662.9726264842
 20
9361622.319134796
 10
245662.9726264842
 20
9361612.819134796
 10
245662.9726264842
 20
9361603.319134796
 10
245662.9726264842
 20
9361593.819134796
 10
245662.9726264842
 20
9361584.319134796
 10
245662.9726264842
 20
9361574.819134796
 10
245662.9726264842
 20
9361565.319134796
 10
245662.9726264842
 20
9361555.819134796
 10
245662.9726264842
 20
9361546.319134796
 10
245662.9726264842
 20
9361536.819134796
 10
245662.9726264842
 20
9361527.319134796
 10
245662.9726264842
 20
9361517.819134796
 10
245662.9726264842
 20
9361508.319134796
 10
245662.9726264842
 20
9361498.819134796
 10
245662.9726264842
 20
9361489.319134796
 10
245662.9726264842
 20
9361479.819134796
 10
245662.9726264842
 20
9361470.319134796
 10
245662.9726264842
 20
9361460.819134796
 10
245662.9726264842
 20
9361449.624231577
 10
245678.9726264842
 20
9361449.733132966
 10
245682.5049815951
 20
9361449.757175365
 10
245686.7636412535
 20
9361451.03162737
 10
245694.9726264842
 20
9361455.255420117
 10
245694.9726264842
 20
9361470.319134796
 10
245694.9726264842
 20
9361479.819134796
 10
245694.9726264842
 20
9361489.319134796
 10
245694.9726264842
 20
9361498.819134796
 10
245694.9726264842
 20
9361508.319134796
 10
245694.9726264842
 20
9361517.819134796
 10
245694.9726264842
 20
9361527.319134796
 10
245694.9726264842
 20
9361536.819134796
 10
245694.9726264842
 20
9361546.319134796
 10
245694.9726264842
 20
9361555.819134796
 10
245694.9726264842
 20
9361565.319134796
 10
245694.9726264842
 20
9361574.819134796
  0
LWPOLYLINE
  5
3FF
330
17
100
AcDbEntity
  8
_LTQUADRAS
100
AcDbPolyline
 90
43
 70
1
 10
245738.9726264842
 20
9361574.819134796
 10
245738.9726264842
 20
9361584.319134796
 10
245738.9726264842
 20
9361593.819134796
 10
245738.9726264842
 20
9361603.319134796
 10
245738.9726264842
 20
9361612.819134796
 10
245738.9726264842
 20
9361622.319134796
 10
245738.9726264842
 20
9361631.819134796
 10
245738.9726264842
 20
9361641.319134796
 10
245738.9726264842
 20
9361650.819134796
 10
245738.9726264842
 20
9361660.819134796
 10
245722.9726264842
 20
9361660.819134796
 10
245706.9726264842
 20
9361660.819134796
 10
245706.9726264842
 20
9361650.819134796
 10
245706.9726264842
 20
9361641.319134796
 10
245706.9726264842
 20
9361631.819134796
 10
245706.9726264842
 20
9361622.319134796
 10
245706.9726264842
 20
9361612.819134796
 10
245706.9726264842
 20
9361603.319134796
 10
245706.9726264842
 20
9361593.819134796
 10
245706.9726264842
 20
9361584.319134796
 10
245706.9726264842
 20
9361574.819134796
 10
245706.9726264842
 20
9361565.319134796
 10
245706.9726264842
 20
9361555.819134796
 10
245706.9726264842
 20
9361546.319134796
 10
245706.9726264842
 20
9361536.819134796
 10
245706.9726264842
 20
9361527.319134796
 10
245706.9726264842
 20
9361517.819134796
 10
245706.9726264842
 20
9361508.319134796
 10
245706.9726264842
 20
9361498.819134796
 10
245706.9726264842
 20
9361489.319134796
 10
245706.9726264842
 20
9361479.819134796
 10
245706.9726264842
 20
9361461.429814583
 10
245722.9726264842
 20
9361469.662340535
 10
245738.9726264842
 20
9361477.894866489
 10
245738.9726264842
 20
9361489.319134796
 10
245738.9726264842
 20
9361498.819134796
 10
245738.9726264842
 20
9361508.319134796
 10
245738.9726264842
 20
9361517.819134796
 10
245738.9726264842
 20
9361527.319134796
 10
245738.9726264842
 20
9361536.819134796
 10
245738.9726264842
 20
9361546.319134796
 10
245738.9726264842
 20
9361555.819134796
 10
245738.9726264842
 20
9361565.319134796
  0
LWPOLYLINE
  5
400
330
17
100
AcDbEntity
  8
_LTQUADRAS
100
AcDbPolyline
 90
39
 70
1
 10
245782.9726264842
 20
9361565.319134796
 10
245782.9726264842
 20
9361574.819134796
 10
245782.9726264842
 20
9361584.319134796
 10
245782.9726264842
 20
9361593.819134796
 10
245782.9726264842
 20
9361603.319134796
 10
245782.9726264842
 20
9361612.819134796
 10
245782.9726264842
 20
9361622.319134796
 10
245782.9726264842
 20
9361631.819134796
 10
245782.9726264842
 20
9361641.319134796
 10
245782.9726264842
 20
9361650.819134796
 10
245782.9726264842
 20
9361660.819134796
 10
245766.9726264842
 20
9361660.819134796
 10
245750.9726264842
 20
9361660.819134796
 10
245750.9726264842
 20
9361650.819134796
 10
245750.9726264842
 20
9361641.319134796
 10
245750.9726264842
 20
9361631.819134796
 10
245750.9726264842
 20
9361622.319134796
 10
245750.9726264842
 20
9361612.819134796
 10
245750.9726264842
 20
9361603.319134796
 10
245750.9726264842
 20
9361593.819134796
 10
245750.9726264842
 20
9361584.319134796
 10
245750.9726264842
 20
9361574.819134796
 10
245750.9726264842
 20
9361565.319134796
 10
245750.9726264842
 20
9361555.819134796
 10
245750.9726264842
 20
9361546.319134796
 10
245750.9726264842
 20
9361536.819134796
 10
245750.9726264842
 20
9361527.319134796
 10
245750.9726264842
 20
9361517.819134796
 10
245750.9726264842
 20
9361508.319134796
 10
245750.9726264842
 20
9361498.819134796
 10
245750.9726264842
 20
9361484.069260951
 10
245766.9726264842
 20
9361492.301786909
 10
245782.9726264842
 20
9361500.53431286
 10
245782.9726264842
 20
9361508.819134796
 10
245782.9726264842
 20
9361517.819134796
 10
245782.9726264842
 20
9361527.319134796
 10
245782.9726264842
 20
9361536.819134796
 10
245782.9726264842
 20
9361546.319134796
 10
245782.9726264842
 20
9361555.819134796
  0
LWPOLYLINE
  5
401
330
17
100
AcDbEntity
  8
_LTQUADRAS
100
AcDbPolyline
 90
31
 70
1
 10
245826.9726264842
 20
9361563.819134796
 10
245826.9726264842
 20
9361573.319134796
 10
245826.9726264842
 20
9361582.819134796
 10
245826.9726264842
 20
9361592.319134796
 10
245826.9726264842
 20
9361601.819134796
 10
245826.9726264842
 20
9361611.319134796
 10
245826.9726264842
 20
9361620.819134796
 10
245826.9726264842
 20
9361630.319134796
 10
245826.9726264842
 20
9361639.819134796
 10
245826.9726264842
 20
9361649.819134796
 10
245810.9726264842
 20
9361649.819134796
 10
245794.9726264842
 20
9361649.819134796
 10
245794.9726264842
 20
9361639.819134796
 10
245794.9726264842
 20
9361630.319134796
 10
245794.9726264842
 20
9361620.819134796
 10
245794.9726264842
 20
9361611.319134796
 10
245794.9726264842
 20
9361601.819134796
 10
245794.9726264842
 20
9361592.319134796
 10
245794.9726264842
 20
9361582.819134796
 10
245794.9726264842
 20
9361573.319134796
 10
245794.9726264842
 20
9361563.819134796
 10
245794.9726264842
 20
9361554.319134796
 10
245794.9726264842
 20
9361544.819134796
 10
245794.9726264842
 20
9361535.319134796
 10
245794.9726264842
 20
9361525.819134796
 10
245794.9726264842
 20
9361506.708707325
 10
245810.9726264842
 20
9361514.941233277
 10
245826.9726264842
 20
9361523.173759231
 10
245826.9726264842
 20
9361535.319134796
 10
245826.9726264842
 20
9361544.819134796
 10
245826.9726264842
 20
9361554.319134796
  0
LWPOLYLINE
  5
402
330
17
100
AcDbEntity
  8
_LTQUADRAS
100
AcDbPolyline
 90
26
 70
1
 10
245474.9726264842
 20
9361528.761822624
 10
245464.9726264842
 20
9361528.761822624
 10
245455.4726264842
 20
9361528.761822624
 10
245445.9726264842
 20
9361528.761822624
 10
245436.4726264842
 20
9361528.761822624
 10
245426.9726264842
 20
9361528.761822624
 10
245417.4726264842
 20
9361528.761822624
 10
245407.9726264842
 20
9361528.761822624
 10
245398.4726264842
 20
9361528.761822624
 10
245379.4726264842
 20
9361528.761822624
 10
245379.4726264842
 20
9361512.761822624
 10
245379.4726264842
 20
9361512.761822624
 10
245331.9726264842
 20
9361512.761822624
 10
245331.9726264842
 20
9361496.761822624
 10
245379.4726264842
 20
9361496.761822624
 10
245388.9726264842
 20
9361496.761822624
 10
245398.4726264842
 20
9361496.761822624
 10
245407.9726264842
 20
9361496.761822624
 10
245417.4726264842
 20
9361496.761822624
 10
245426.9726264842
 20
9361496.761822624
 10
245436.4726264842
 20
9361496.761822624
 10
245445.9726264842
 20
9361496.761822624
 10
245455.4726264842
 20
9361496.761822624
 10
245464.9726264842
 20
9361496.761822624
 10
245474.9726264842
 20
9361496.761822624
 10
245474.9726264842
 20
9361512.761822624
  0
LWPOLYLINE
  5
403
330
17
100
AcDbEntity
  8
_LTQUADRAS
100
AcDbPolyline
 90
22
 70
1
 10
245474.9726264842
 20
9361572.761822624
 10
245464.9726264842
 20
9361572.761822624
 10
245455.4726264842
 20
9361572.761822624
 10
245445.9726264842
 20
9361572.761822624
 10
245436.4726264842
 20
9361572.761822624
 10
245426.9726264842
 20
9361572.761822624
 10
245417.4726264842
 20
9361572.761822624
 10
245407.9726264842
 20
9361572.761822624
 10
245398.4726264842
 20
9361572.761822624
 10
245379.4726264842
 20
9361572.761822624
 10
245379.4726264842
 20
9361556.761822624
 10
245379.4726264842
 20
9361540.761822624
 10
245398.4726264842
 20
9361540.761822624
 10
245407.9726264842
 20
9361540.761822624
 10
245417.4726264842
 20
9361540.761822624
 10
245426.9726264842
 20
9361540.761822624
 10
245436.4726264842
 20
9361540.761822624
 10
245445.9726264842
 20
9361540.761822624
 10
245455.4726264842
 20
9361540.761822624
 10
245464.9726264842
 20
9361540.761822624
 10
245474.9726264842
 20
9361540.761822624
 10
245474.9726264842
 20
9361556.761822624
  0
LWPOLYLINE
  5
404
330
17
100
AcDbEntity
  8
_LTQUADRAS
100
AcDbPolyline
 90
22
 70
1
 10
245474.9726264842
 20
9361616.761822624
 10
245464.9726264842
 20
9361616.761822624
 10
245455.4726264842
 20
9361616.761822624
 10
245445.9726264842
 20
9361616.761822624
 10
245436.4726264842
 20
9361616.761822624
 10
245436.4726264842
 20
9361600.761822624
 10
245426.9726264842
 20
9361600.761822624
 10
245417.4726264842
 20
9361600.761822624
 10
245407.9726264842
 20
9361600.761822624
 10
245398.4726264842
 20
9361600.761822624
 10
245379.4726264842
 20
9361600.761822624
 10
245379.4726264842
 20
9361584.761822624
 10
245398.4726264842
 20
9361584.761822624
 10
245407.9726264842
 20
9361584.761822624
 10
245417.4726264842
 20
9361584.761822624
 10
245426.9726264842
 20
9361584.761822624
 10
245436.4726264842
 20
9361584.761822624
 10
245445.9726264842
 20
9361584.761822624
 10
245455.4726264842
 20
9361584.761822624
 10
245464.9726264842
 20
9361584.761822624
 10
245474.9726264842
 20
9361584.761822624
 10
245474.9726264842
 20
9361600.761822624
  0
LWPOLYLINE
  5
405
330
17
100
AcDbEntity
  8
_LTQUADRAS
100
AcDbPolyline
 90
10
 70
1
 10
245474.9726264842
 20
9361644.761822624
 10
245474.9726264842
 20
9361660.761822624
 10
245464.9726264842
 20
9361660.761822624
 10
245455.4726264842
 20
9361660.761822624
 10
245445.9726264842
 20
9361660.761822624
 10
245445.9726264842
 20
9361644.761822624
 10
245445.9726264842
 20
9361628.761822624
 10
245455.4726264842
 20
9361628.761822624
 10
245464.9726264842
 20
9361628.761822624
 10
245474.9726264842
 20
9361628.761822624
  0
LWPOLYLINE
  5
406
330
17
100
AcDbEntity
  8
_LTQUADRAS
100
AcDbPolyline
 90
49
 70
1
 10
245518.9726264842
 20
9361631.819134796
 10
245518.9726264842
 20
9361641.319134796
 10
245518.9726264842
 20
9361650.819134796
 10
245518.9726264842
 20
9361660.819134796
 10
245502.9726264842
 20
9361660.819134796
 10
245486.9726264842
 20
9361660.819134796
 10
245486.9726264842
 20
9361650.819134796
 10
245486.9726264842
 20
9361641.319134796
 10
245486.9726264842
 20
9361631.819134796
 10
245486.9726264842
 20
9361622.319134796
 10
245486.9726264842
 20
9361612.819134796
 10
245486.9726264842
 20
9361603.319134796
 10
245486.9726264842
 20
9361593.819134796
 10
245486.9726264842
 20
9361584.319134796
 10
245486.9726264842
 20
9361574.819134796
 10
245486.9726264842
 20
9361565.319134796
 10
245486.9726264842
 20
9361555.819134796
 10
245486.9726264842
 20
9361546.319134796
 10
245486.9726264842
 20
9361536.819134796
 10
245486.9726264842
 20
9361527.319134796
 10
245486.9726264842
 20
9361517.819134796
 10
245486.9726264842
 20
9361508.319134796
 10
245486.9726264842
 20
9361498.819134796
 10
245486.9726264842
 20
9361489.319134796
 10
245486.9726264842
 20
9361479.819134796
 10
245486.9726264842
 20
9361470.319134796
 10
245486.9726264842
 20
9361460.819134796
 10
245486.9726264842
 20
9361452.546440855
 10
245502.9726264842
 20
9361450.504473696
 10
245508.9673189269
 20
9361449.739413377
 10
245518.9726264842
 20
9361449.533849938
 10
245518.9726264842
 20
9361460.819134796
 10
245518.9726264842
 20
9361470.319134796
 10
245518.9726264842
 20
9361479.819134796
 10
245518.9726264842
 20
9361489.319134796
 10
245518.9726264842
 20
9361498.819134796
 10
245518.9726264842
 20
9361508.319134796
 10
245518.9726264842
 20
9361517.819134796
 10
245518.9726264842
 20
9361527.319134796
 10
245518.9726264842
 20
9361536.819134796
 10
245518.9726264842
 20
9361546.319134796
 10
245518.9726264842
 20
9361555.819134796
 10
245518.9726264842
 20
9361565.319134796
 10
245518.9726264842
 20
9361574.819134796
 10
245518.9726264842
 20
9361584.319134796
 10
245518.9726264842
 20
9361593.819134796
 10
245518.9726264842
 20
9361603.319134796
 10
245518.9726264842
 20
9361612.819134796
 10
245518.9726264842
 20
9361622.319134796
  0
LWPOLYLINE
  5
407
330
17
100
AcDbEntity
  8
_LTQUADRAS
100
AcDbPolyline
 90
49
 70
1
 10
245562.9726264842
 20
9361603.319134796
 10
245562.9726264842
 20
9361612.819134796
 10
245562.9726264842
 20
9361622.319134796
 10
245562.9726264842
 20
9361631.819134796
 10
245562.9726264842
 20
9361641.319134796
 10
245562.9726264842
 20
9361650.819134796
 10
245562.9726264842
 20
9361660.819134796
 10
245546.9726264842
 20
9361660.819134796
 10
245530.9726264842
 20
9361660.819134796
 10
245530.9726264842
 20
9361650.819134796
 10
245530.9726264842
 20
9361641.319134796
 10
245530.9726264842
 20
9361631.819134796
 10
245530.9726264842
 20
9361622.319134796
 10
245530.9726264842
 20
9361612.819134796
 10
245530.9726264842
 20
9361603.319134796
 10
245530.9726264842
 20
9361593.819134796
 10
245530.9726264842
 20
9361584.319134796
 10
245530.9726264842
 20
9361574.819134796
 10
245530.9726264842
 20
9361565.319134796
 10
245530.9726264842
 20
9361555.819134796
 10
245530.9726264842
 20
9361546.319134796
 10
245530.9726264842
 20
9361536.819134796
 10
245530.9726264842
 20
9361527.319134796
 10
245530.9726264842
 20
9361517.819134796
 10
245530.9726264842
 20
9361508.319134796
 10
245530.9726264842
 20
9361498.819134796
 10
245530.9726264842
 20
9361489.319134796
 10
245530.9726264842
 20
9361479.819134796
 10
245530.9726264842
 20
9361470.319134796
 10
245530.9726264842
 20
9361460.819134796
 10
245530.9726264842
 20
9361449.287304664
 10
245546.9726264842
 20
9361448.958577635
 10
245551.5018072578
 20
9361448.865523625
 10
245562.9726264842
 20
9361448.943597885
 10
245562.9726264842
 20
9361460.819134796
 10
245562.9726264842
 20
9361470.319134796
 10
245562.9726264842
 20
9361479.819134796
 10
245562.9726264842
 20
9361489.319134796
 10
245562.9726264842
 20
9361498.819134796
 10
245562.9726264842
 20
9361508.319134796
 10
245562.9726264842
 20
9361517.819134796
 10
245562.9726264842
 20
9361527.319134796
 10
245562.9726264842
 20
9361536.819134796
 10
245562.9726264842
 20
9361546.319134796
 10
245562.9726264842
 20
9361555.819134796
 10
245562.9726264842
 20
9361565.319134796
 10
245562.9726264842
 20
9361574.819134796
 10
245562.9726264842
 20
9361584.319134796
 10
245562.9726264842
 20
9361593.819134796
  0
LWPOLYLINE
  5
408
330
17
100
AcDbEntity
  8
_LTQUADRAS
100
AcDbPolyline
 90
48
 70
1
 10
245606.9726264842
 20
9361603.319134796
 10
245606.9726264842
 20
9361612.819134796
 10
245606.9726264842
 20
9361622.319134796
 10
245606.9726264842
 20
9361631.819134796
 10
245606.9726264842
 20
9361641.319134796
 10
245606.9726264842
 20
9361650.819134796
 10
245606.9726264842
 20
9361660.819134796
 10
245590.9726264842
 20
9361660.819134796
 10
245574.9726264842
 20
9361660.819134796
 10
245574.9726264842
 20
9361650.819134796
 10
245574.9726264842
 20
9361641.319134796
 10
245574.9726264842
 20
9361631.819134796
 10
245574.9726264842
 20
9361622.319134796
 10
245574.9726264842
 20
9361612.819134796
 10
245574.9726264842
 20
9361603.319134796
 10
245574.9726264842
 20
9361593.819134796
 10
245574.9726264842
 20
9361584.319134796
 10
245574.9726264842
 20
9361574.819134796
 10
245574.9726264842
 20
9361565.319134796
 10
245574.9726264842
 20
9361555.819134796
 10
245574.9726264842
 20
9361546.319134796
 10
245574.9726264842
 20
9361536.819134796
 10
245574.9726264842
 20
9361527.319134796
 10
245574.9726264842
 20
9361517.819134796
 10
245574.9726264842
 20
9361508.319134796
 10
245574.9726264842
 20
9361498.819134796
 10
245574.9726264842
 20
9361489.319134796
 10
245574.9726264842
 20
9361479.819134796
 10
245574.9726264842
 20
9361470.319134796
 10
245574.9726264842
 20
9361460.819134796
 10
245574.9726264842
 20
9361449.025273928
 10
245590.9726264842
 20
9361449.13417532
 10
245606.9726264842
 20
9361449.24307671
 10
245606.9726264842
 20
9361460.819134796
 10
245606.9726264842
 20
9361470.319134796
 10
245606.9726264842
 20
9361479.819134796
 10
245606.9726264842
 20
9361489.319134796
 10
245606.9726264842
 20
9361498.819134796
 10
245606.9726264842
 20
9361508.319134796
 10
245606.9726264842
 20
9361517.819134796
 10
245606.9726264842
 20
9361527.319134796
 10
245606.9726264842
 20
9361536.819134796
 10
245606.9726264842
 20
9361546.319134796
 10
245606.9726264842
 20
9361555.819134796
 10
245606.9726264842
 20
9361565.319134796
 10
245606.9726264842
 20
9361574.819134796
 10
245606.9726264842
 20
9361584.319134796
 10
245606.9726264842
 20
9361593.819134796
  0
LWPOLYLINE
  5
409
330
17
100
AcDbEntity
  8
_LTQUADRAS
100
AcDbPolyline
 90
36
 70
1
 10
245723.2161016028
 20
9361689.819134796
 10
245713.2161016028
 20
9361689.819134796
 10
245703.7161016028
 20
9361689.819134796
 10
245694.2161016028
 20
9361689.819134796
 10
245684.7161016028
 20
9361689.819134796
 10
245675.2161016028
 20
9361689.819134796
 10
245665.7161016028
 20
9361689.819134796
 10
245656.2161016028
 20
9361689.819134796
 10
245646.7161016028
 20
9361689.819134796
 10
245637.2161016028
 20
9361689.819134796
 10
245627.7161016028
 20
9361689.819134796
 10
245618.2161016028
 20
9361689.819134796
 10
245608.7161016028
 20
9361689.819134796
 10
245599.2161016028
 20
9361689.819134796
 10
245589.7161016028
 20
9361689.819134796
 10
245580.2161016028
 20
9361689.819134796
 10
245570.7161016028
 20
9361689.819134796
 10
245560.7161016028
 20
9361689.819134796
 10
245560.7161016028
 20
9361672.819134796
 10
245570.7161016028
 20
9361672.819134796
 10
245580.2161016028
 20
9361672.819134796
 10
245589.7161016028
 20
9361672.819134796
 10
245599.2161016028
 20
9361672.819134796
 10
245608.7161016028
 20
9361672.819134796
 10
245618.2161016028
 20
9361672.819134796
 10
245627.7161016028
 20
9361672.819134796
 10
245637.2161016028
 20
9361672.819134796
 10
245646.7161016028
 20
9361672.819134796
 10
245656.2161016028
 20
9361672.819134796
 10
245665.7161016028
 20
9361672.819134796
 10
245675.2161016028
 20
9361672.819134796
 10
245684.7161016028
 20
9361672.819134796
 10
245694.2161016028
 20
9361672.819134796
 10
245703.7161016028
 20
9361672.819134796
 10
245713.2161016028
 20
9361672.819134796
 10
245723.2161016028
 20
9361672.819134796
  0
LWPOLYLINE
  5
40A
330
17
100
AcDbEntity
  8
_LTQUADRAS
100
AcDbPolyline
 90
22
 70
1
 10
245548.7161016028
 20
9361689.819134796
 10
245538.7161016028
 20
9361689.819134796
 10
245529.2161016028
 20
9361689.819134796
 10
245519.7161016028
 20
9361689.819134796
 10
245510.2161016028
 20
9361689.819134796
 10
245500.7161016028
 20
9361689.819134796
 10
245491.2161016028
 20
9361689.819134796
 10
245481.7161016027
 20
9361689.819134796
 10
245472.2161016028
 20
9361689.819134796
 10
245462.7161016028
 20
9361689.819134796
 10
245447.4093094713
 20
9361689.819134796
 10
245444.0721338294
 20
9361672.819134796
 10
245462.7161016028
 20
9361672.819134796
 10
245472.2161016028
 20
9361672.819134796
 10
245481.7161016027
 20
9361672.819134796
 10
245491.2161016028
 20
9361672.819134796
 10
245500.7161016028
 20
9361672.819134796
 10
245510.2161016028
 20
9361672.819134796
 10
245519.7161016028
 20
9361672.819134796
 10
245529.2161016028
 20
9361672.819134796
 10
245538.7161016028
 20
9361672.819134796
 10
245548.7161016028
 20
9361672.819134796
  0
LWPOLYLINE
  5
40B
330
17
100
AcDbEntity
  8
_LTQUADRAS
100
AcDbPolyline
 90
42
 70
1
 10
245908.148212553
 20
9361689.819134796
 10
245896.5339427375
 20
9361689.78638739
 10
245891.3481579409
 20
9361689.771765636
 10
245887.0339427375
 20
9361689.776817309
 10
245877.5339427375
 20
9361689.787941206
 10
245870.2340627022
 20
9361689.796488902
 10
245870.0141186118
 20
9361689.819134796
 10
245868.2044824538
 20
9361689.819134796
 10
245858.7044824538
 20
9361689.819134796
 10
245849.2044824538
 20
9361689.819134796
 10
245839.8750221702
 20
9361689.819134796
 10
245830.3750221702
 20
9361689.819134796
 10
245820.8750221702
 20
9361689.819134796
 10
245811.5455618865
 20
9361689.819134796
 10
245802.0455618865
 20
9361689.819134796
 10
245792.5455618865
 20
9361689.819134796
 10
245783.2161016028
 20
9361689.819134796
 10
245773.7161016028
 20
9361689.819134796
 10
245764.2161016028
 20
9361689.819134796
 10
245754.7161016028
 20
9361689.819134796
 10
245745.2161016028
 20
9361689.819134796
 10
245735.2161016028
 20
9361689.819134796
 10
245735.2161016028
 20
9361672.819134796
 10
245745.2161016028
 20
9361672.819134796
 10
245754.7161016028
 20
9361672.819134796
 10
245764.2161016028
 20
9361672.819134796
 10
245773.7161016028
 20
9361672.819134796
 10
245783.2161016028
 20
9361672.819134796
 10
245792.5455618865
 20
9361672.819134796
 10
245802.0455618865
 20
9361672.819134796
 10
245811.5455618865
 20
9361672.819134796
 10
245820.8750221702
 20
9361672.819134796
 10
245830.3750221702
 20
9361672.819134796
 10
245839.8750221702
 20
9361672.819134796
 10
245849.2044824538
 20
9361672.819134796
 10
245858.7044824538
 20
9361672.819134796
 10
245868.2044824538
 20
9361672.819134796
 10
245877.5339427375
 20
9361672.819134796
 10
245887.0339427375
 20
9361672.819134796
 10
245896.5339427375
 20
9361672.819134796
 10
245911.8338070974
 20
9361672.819134796
 10
245917.5768772049
 20
9361677.064664455
  0
LWPOLYLINE
  5
40C
330
17
100
AcDbEntity
  8
_LTQUADRAS
100
AcDbPolyline
 90
6
 70
1
 10
245369.9726264842
 20
9361427.261822624
 10
245369.9726264842
 20
9361468.761822624
 10
245474.9726264842
 20
9361468.761822624
 10
245474.9726264842
 20
9361484.761822624
 10
245353.9726264842
 20
9361484.761822624
 10
245353.9726264842
 20
9361427.261822624
  0
LWPOLYLINE
  5
40D
330
17
100
AcDbEntity
  8
_LTQUADRAS
100
AcDbPolyline
 90
4
 70
1
 10
245325.9726264842
 20
9361484.761822624
 10
245341.9726264842
 20
9361484.761822624
 10
245341.9726264842
 20
9361427.261822624
 10
245325.9726264842
 20
9361427.261822624
  0
ENDSEC
  0
SECTION
  2
OBJECTS
  0
DICTIONARY
  5
A
330
0
100
AcDbDictionary
281
1
  3
ACAD_COLOR
350
B
  3
ACAD_GROUP
350
C
  3
ACAD_LAYOUT
350
D
  3
ACAD_MATERIAL
350
E
  3
ACAD_MLEADERSTYLE
350
F
  3
ACAD_MLINESTYLE
350
10
  3
ACAD_PLOTSETTINGS
350
11
  3
ACAD_PLOTSTYLENAME
350
12
  3
ACAD_SCALELIST
350
14
  3
ACAD_TABLESTYLE
350
15
  3
ACAD_VISUALSTYLE
350
16
  3
EZDXF_META
350
2D
  0
DICTIONARY
  5
B
330
A
100
AcDbDictionary
281
1
  0
DICTIONARY
  5
C
330
A
100
AcDbDictionary
281
1
  0
DICTIONARY
  5
D
330
A
100
AcDbDictionary
281
1
  3
Model
350
1A
  3
Layout1
350
1E
  0
DICTIONARY
  5
E
330
A
100
AcDbDictionary
281
1
  3
ByBlock
350
1F
  3
ByLayer
350
20
  3
Global
350
21
  0
DICTIONARY
  5
F
330
A
100
AcDbDictionary
281
1
  3
Standard
350
2C
  0
DICTIONARY
  5
10
330
A
100
AcDbDictionary
281
1
  3
Standard
350
22
  0
DICTIONARY
  5
11
330
A
100
AcDbDictionary
281
1
  0
ACDBDICTIONARYWDFLT
  5
12
330
A
100
AcDbDictionary
281
1
  3
Normal
350
13
100
AcDbDictionaryWithDefault
340
13
  0
ACDBPLACEHOLDER
  5
13
330
12
  0
DICTIONARY
  5
14
330
A
100
AcDbDictionary
281
1
  0
DICTIONARY
  5
15
330
A
100
AcDbDictionary
281
1
  0
DICTIONARY
  5
16
330
A
100
AcDbDictionary
281
1
  0
LAYOUT
  5
1A
330
D
100
AcDbPlotSettings
  1

  4
A3
  6

 40
7.5
 41
20.0
 42
7.5
 43
20.0
 44
420.0
 45
297.0
 46
0.0
 47
0.0
 48
0.0
 49
0.0
140
0.0
141
0.0
142
1.0
143
1.0
 70
1024
 72
1
 73
0
 74
5
  7

 75
16
 76
0
 77
2
 78
300
147
1.0
148
0.0
149
0.0
100
AcDbLayout
  1
Model
 70
1
 71
0
 10
0.0
 20
0.0
 11
420.0
 21
297.0
 12
0.0
 22
0.0
 32
0.0
 14
1e+20
 24
1e+20
 34
1e+20
 15
-1e+20
 25
-1e+20
 35
-1e+20
146
0.0
 13
0.0
 23
0.0
 33
0.0
 16
1.0
 26
0.0
 36
0.0
 17
0.0
 27
1.0
 37
0.0
 76
1
330
17
  0
LAYOUT
  5
1E
330
D
100
AcDbPlotSettings
  1

  4
A3
  6

 40
7.5
 41
20.0
 42
7.5
 43
20.0
 44
420.0
 45
297.0
 46
0.0
 47
0.0
 48
0.0
 49
0.0
140
0.0
141
0.0
142
1.0
143
1.0
 70
0
 72
1
 73
0
 74
5
  7

 75
16
 76
0
 77
2
 78
300
147
1.0
148
0.0
149
0.0
100
AcDbLayout
  1
Layout1
 70
1
 71
1
 10
0.0
 20
0.0
 11
420.0
 21
297.0
 12
0.0
 22
0.0
 32
0.0
 14
1e+20
 24
1e+20
 34
1e+20
 15
-1e+20
 25
-1e+20
 35
-1e+20
146
0.0
 13
0.0
 23
0.0
 33
0.0
 16
1.0
 26
0.0
 36
0.0
 17
0.0
 27
1.0
 37
0.0
 76
1
330
1B
  0
MATERIAL
  5
1F
102
{ACAD_REACTORS
330
E
102
}
330
E
100
AcDbMaterial
  1
ByBlock
  2

 70
0
 40
1.0
 71
1
 41
1.0
 91
-1023410177
 42
1.0
 72
1
  3

 73
1
 74
1
 75
1
 44
0.5
 73
0
 45
1.0
 46
1.0
 77
1
  4

 78
1
 79
1
170
1
 48
1.0
171
1
  6

172
1
173
1
174
1
140
1.0
141
1.0
175
1
  7

176
1
177
1
178
1
143
1.0
179
1
  8

270
1
271
1
272
1
145
1.0
146
1.0
273
1
  9

274
1
275
1
276
1
 42
1.0
 72
1
  3

 73
1
 74
1
 75
1
 94
63
  0
MATERIAL
  5
20
102
{ACAD_REACTORS
330
E
102
}
330
E
100
AcDbMaterial
  1
ByLayer
  2

 70
0
 40
1.0
 71
1
 41
1.0
 91
-1023410177
 42
1.0
 72
1
  3

 73
1
 74
1
 75
1
 44
0.5
 73
0
 45
1.0
 46
1.0
 77
1
  4

 78
1
 79
1
170
1
 48
1.0
171
1
  6

172
1
173
1
174
1
140
1.0
141
1.0
175
1
  7

176
1
177
1
178
1
143
1.0
179
1
  8

270
1
271
1
272
1
145
1.0
146
1.0
273
1
  9

274
1
275
1
276
1
 42
1.0
 72
1
  3

 73
1
 74
1
 75
1
 94
63
  0
MATERIAL
  5
21
102
{ACAD_REACTORS
330
E
102
}
330
E
100
AcDbMaterial
  1
Global
  2

 70
0
 40
1.0
 71
1
 41
1.0
 91
-1023410177
 42
1.0
 72
1
  3

 73
1
 74
1
 75
1
 44
0.5
 73
0
 45
1.0
 46
1.0
 77
1
  4

 78
1
 79
1
170
1
 48
1.0
171
1
  6

172
1
173
1
174
1
140
1.0
141
1.0
175
1
  7

176
1
177
1
178
1
143
1.0
179
1
  8

270
1
271
1
272
1
145
1.0
146
1.0
273
1
  9

274
1
275
1
276
1
 42
1.0
 72
1
  3

 73
1
 74
1
 75
1
 94
63
  0
MLINESTYLE
  5
22
102
{ACAD_REACTORS
330
10
102
}
330
10
100
AcDbMlineStyle
  2
Standard
 70
0
  3

 62
256
 51
90.0
 52
90.0
 71
2
 49
0.5
 62
256
  6
BYLAYER
 49
-0.5
 62
256
  6
BYLAYER
  0
MLEADERSTYLE
  5
2C
102
{ACAD_REACTORS
330
F
102
}
330
F
100
AcDbMLeaderStyle
179
2
170
2
171
1
172
0
 90
2
 40
0.0
 41
0.0
173
1
 91
-1056964608
 92
-2
290
1
 42
2.0
291
1
 43
8.0
  3
Standard
 44
4.0
300

342
29
174
1
175
1
176
0
178
1
 93
-1056964608
 45
4.0
292
0
297
0
 46
4.0
 94
-1056964608
 47
1.0
 49
1.0
140
1.0
294
1
141
0.0
177
0
142
1.0
295
0
296
0
143
3.75
271
0
272
9
273
9
  0
DICTIONARY
  5
2D
330
A
100
AcDbDictionary
280
1
281
1
  3
CREATED_BY_EZDXF
350
2E
  3
WRITTEN_BY_EZDXF
350
3F9
  0
DICTIONARYVAR
  5
2E
330
2D
100
DictionaryVariables
280
0
  1
1.4.4 @ 2026-09-28T13:44:32.972625+00:00
  0
DICTIONARYVAR
  5
3F9
330
2D
100
DictionaryVariables
280
0
  1
1.4.4 @ 2026-09-28T13:59:19.435323+00:00
  0
ENDSEC
  0
EOF
